module,corrected_source,unified_destination,integration_status,remaining_obligation
A018,revised_articles/A018_capital_liquidation_corrected.tex,unified applied article,central_corrected_source,citation audit; publication artifacts; demoted analytical conjectures remain open
A019,revised_articles/A019_closed_ledger_corrected.tex,A018 finite-donor section,integrated,publication formatting only
A020,revised_articles/A020_two_channels_corrected.tex,A018 protective-channel section,integrated,publication computation archive
A021,revised_articles/A021_liebig_graph_corrected.tex,technical supplement,integrated_joint_hierarchy_and_numerical_crosswalk,"Validated continuum Floquet/projections/prefactors; concrete G,f,g and C1 tube; exact BLZ theorem match before NAIM promotion"
A022,revised_articles/A022_stage_harvest_corrected.tex,technical supplement,integrated_corrected,cross-version stage values; publication archive
A023,revised_articles/A023_spatial_corrected.tex,technical supplement,integrated_corrected,stale coefficient mapping; local delayed spatial Hopf open; publication archive
A024,revised_articles/A024_first_passage_corrected.tex,A018 first-passage section,integrated,publication data/code archive
A025,revised_articles/A025_interval_folds_corrected.tex,A018 validation hierarchy and computational supplement,integrated_status_control,phase record; Moore-Spence/fold certificate/continuous lift; publication archive
packet,revised_articles/APPLIED_LEDGER_DYNAMICS_SUPPLEMENT_INDEX.md,one article plus one supplement,publication_bridge_complete,final unified compilation and bibliography harmonization
