path,sha256,size,category
build_formal_supplement_docx.py,b3e61a219c7923065500e3d1ac21ee31f1af082561e2528cbf4c0722fbebf7e2,6667,project_file
build_revised_manuscript_traceability.py,bfc06697b6446da7e2ccb380d5b4bfc5b690ce0e2696a676d44d2834baefc73c,6606,manuscript_source
build_revised_sustainability_manuscript.py,78a3934d7faabef43e69251951ee525bf2d59cd9a51dde3928274075ce4ad682,6683,manuscript_source
formal_supplement_A001_A002_A006_A010.docx,92c8b2cddea1427f050cfd74f70e77d9ea53ebcc21418ca637eb479165b66a8e,45171,rendered_manuscript
formal_supplement_A001_A002_A006_A010.md,2d3fa3a3a98aa26aff2202ab2b7edff36185400861a73b734b025b0fe4e8c4fc,15909,project_file
general_theory_of_sustainability_manuscript.md,736e90a073ee8ea34c5789093697b54d807d864b19ffdf6056da6e259d76a154,77998,manuscript_source
general_theory_of_sustainability_v0.1.md,c531ff5f1aab2215cee77c7a03162f662b3a4e589e8376101ddfea59d31d404a,50886,project_file
general_theory_of_sustainability_v0.2_comprehensive.md,fa100d63a6bed88dc7728b0c6ca9ab4638ce90aabcf362fe6e88b3b6693d7cab,82723,project_file
joint_architectural_audit_evaluation.md,2550e4002b3979e5223c8ebed4e091bbe6ca3828a59fa06a179d5bc1ebde0fe0,14601,project_file
overall_revision_plan.md,35912aafa0ec5131335387ba935bbb7f3f47b6eb26fdc3f59a0f21ffa43648d5,21376,project_file
parallel_audits_evaluation.md,5b274e97936efbff3e2e8f8d1a0ccb44714ed1a204b6cf1368e751028418058e,22263,project_file
research_program/A001_A002_source_proof_locator.csv,1b3bc3be809fffbf4c1a824f3a5dda74a4f7ef34601bbddb5a262094122a445a,55885,research_record
research_program/A001_A002_source_proof_locator_report.md,659994f221680ca2307a1eda58bcc5acd611d6cd9eaff223022460ce43f850b1,1081,research_record
research_program/A001_A002_source_selection_and_deduplication.md,5c7352ca6f4e2111ef5c7abbf6e0b1d3383d64f9dec72d879b7336f6fae065e3,6082,research_record
research_program/A001_A002_theorem_interface_map.csv,cdb44babcdcffbd09a2f16be9b6437ed021e5eed3affdeef245217011f6ab90b,86038,research_record
research_program/A001_A002_theorem_interface_map_summary.md,8260333e40361d1c8c88c22ebe4e6b11f7b480536ca74ccdadad02bed27a11a7,1380,research_record
research_program/A001_operatorI_strong_invariance_erosion_corrected.md,04aebcba7313ebda47f56fe69134a059e310b0a430c29f332e2552fcb5f3ac07,5307,research_record
research_program/A001_restricted_composition_theorem_corrected.md,ff65cdc6a1632cb6326f5129353e47db929d3f3cedfe2c012a5e0ca8b81e1d8e,5590,research_record
research_program/A001_selected_operatorI_proof_audit.md,f9c929f3394392d8e4fa2e33db0f62dfd04be5c17c4fb6593279577b1138586e,9353,research_record
research_program/A002_mature_foundation_proof_audit.md,26904f7d7e35f34d8f5afb03126cdce73ff6a5b2821a859940b2cbd83d4b2389,5002,research_record
research_program/A002_reduction_diagnostic_stability_proof_audit.md,1c205ad6c5b969dd93e6d9ef4498ca85e4f5e58ec3d95e3e53e4995973bcfe58,4444,research_record
research_program/A002_sampled_hybrid_kernel_proof_audit.md,6a765a128399c11b525614010a2d44f6512026d02fd2d1b833e96e1a582b7dc5,5688,research_record
research_program/A018_A025_rest_packet_inventory.csv,44c3dffc62a929b2603a9f4982415233f47e6195b31e8cd14ca33bcf2ee91fb0,1294,research_record
research_program/A018_A025_rest_packet_line_audit.md,f362a1986e1b2c4584409ca851b7f764076fb00f454320ce775db51202e8e0a7,7868,research_record
research_program/A018_ledger_to_dynamics_interface_contract.md,48194b26724f8e6fd2c6f87a5d5fb44d2055402dbbccc75c0894913eb2085c92,8148,research_record
research_program/action_register.csv,c53bb2e82e8e9df9412a1b7fa6702f72e478382b70ffdc693103768096509486,198276,research_record
research_program/action_register.md,c2036e7cdb48ddbcc4bc7d21707523499c29a3f0b469a1cda411c42ac6460a06,251067,research_record
research_program/all_article_corrections_implementation_plan.md,49854d74b21bbecb628e9d291ba8e37dc78b983509533fce4c5d41c29266a375,2553,research_record
research_program/article_001_topdown/formal_result_inventory.md,005c090d114009f6043a04b7ae382121e8f403304b842922c1f714a2be9d11ca,26078,research_record
research_program/article_001_topdown/integration_record.md,5f6a4012da0575f9404316fdae1e6e197ca8b0d90d63206dc08800afdddcf651,21484,research_record
research_program/article_001_topdown/notation_bridge.md,c26e636076145334c13a4799afb953909cf63a40ea0d365b6872f7f2aa3c3b41,2816,research_record
research_program/article_002_general_theory/formal_result_inventory.md,ecae588f61df7d7beb81ff0986ec45939691d1a9aa2f2b63e65315f165640249,5226,research_record
research_program/article_002_general_theory/integration_record.md,71315a6f4d1a630562c123d6715ebc7570046231b0621dcb7bdf7eadd2dc12d5,23709,research_record
research_program/article_002_general_theory/notation_bridge.md,a77d4391cd276e3c53205d80e4b7bdd452ae7c5d96afd82a5564f91d1c942489,3358,research_record
research_program/article_003_institutional_feedback/evaluation_and_verification.md,2d7634375f60e8335db6f3d146b2cd75408d933ab2f73b5f36a000ded843bf1c,16329,research_record
research_program/article_003_institutional_feedback/formal_content_inventory.md,95cc4850a540e61f9a46c541b8614feda5bd924e37eb38c339a0aa55f64487f7,1841,research_record
research_program/article_004_phosphorus/evaluation_and_verification.md,aa5cb4c7d13a70d646c9c12fe266e403bb11db6c56021562fdf4d1df7fb4f7bd,15995,research_record
research_program/article_004_phosphorus/formal_content_inventory.md,4458c460647d656194ceba4eea32f61934a1ada48e0140d70a9104bf43b90912,1991,research_record
research_program/article_005_groundwater/evaluation_and_verification.md,0a85e93d783618d2e19fa97f0c048861fd9f8395e19ec675707ac3b794f3a773,14553,research_record
research_program/article_005_groundwater/formal_content_inventory.md,2e4608cf3c56344dea6946eba3b0bdacf78e3ffbd5a145efc2b6839a273d7222,2524,research_record
research_program/article_006_robust_epistemic/evaluation_and_verification.md,0239382df9e5f86132a4689cd1ed7cb8248acdf4205edcfc7bd26beead9b6b99,18196,research_record
research_program/article_006_robust_epistemic/formal_result_inventory.md,d277c43c959ff03949e01a5cbb40bda08e906e70044ff5765b1cb99061739779,2188,research_record
research_program/article_007_hybrid_architecture/evaluation_and_verification.md,015a1d6b17df6459a254cb08b04f3b7539aac271681cb680e657237fcae4e358,13475,research_record
research_program/article_007_hybrid_architecture/formal_content_inventory.md,965093e21083a7e10cafed35802d6f446feb833632a5ff4c245e0679b5e2580e,2584,research_record
research_program/article_008_institutional_solvency/evaluation_and_verification.md,4f6af07e5dc18903c07628c586170787045440f9c2782cb1f9420af0cc8528b7,14518,research_record
research_program/article_008_institutional_solvency/formal_content_inventory.md,9c396af2d473246f084a9c97340b26a528ba760757f2d61ecf34ab67b9f70132,1501,research_record
research_program/article_009_distributive_barrier/evaluation_and_verification.md,e78c903fe764e72c57b469af22f82cd7f357592f7dd84b0da6d4472abde7f851,14193,research_record
research_program/article_009_distributive_barrier/formal_content_inventory.md,3c6efb41e8e9362bc0aaa05e8b0612872c683862f3d656a48f4347922d41dc7a,2003,research_record
research_program/article_010_research_architecture_perspective/evaluation_and_verification.md,0962a51fdfc9904a7d637c83bec6025198a2c89d34ea1a284d5af7d6e5f0263b,14721,research_record
research_program/article_010_research_architecture_perspective/formal_result_inventory.md,57e1785bef93e45c1619540a870845314aae5933892a48aa93ace21763d6952d,1442,research_record
research_program/article_011_periodic_review/evaluation_and_verification.md,b4b4b75f9108d6d8665620181b1bec495b77846564f1f15b902eef5b8acff48f,14288,research_record
research_program/article_011_periodic_review/formal_result_inventory.md,6076f9a4f61fde675fe67861b7c7cf237589ce6394b4f079afec3a4c8a806a82,1728,research_record
research_program/article_011_periodic_review/integration_record_note.md,669ae98a8e81263933d2ec7ac22a2c696a1c1ad416c171ad6dd470e5e61568ae,246,research_record
research_program/article_011_periodic_review/revision_addendum_evaluation.md,ef3230d4314c6e8828616652c3921f6308f5d11b5d5b696bf0d317d626af2eb7,4538,research_record
research_program/article_011_periodic_review/revision_v2_verification.md,3deaab2b9fbd13474e878ba50261e1df5efa02f66fe88385645dcadfbebc8084,893,research_record
research_program/article_011_periodic_review/source_versions.csv,ba2739100f00095e536f852c924a3c03262c1ab0bc5eaf81f54be0411d4079e6,1066,research_record
research_program/article_011_periodic_review/user_supplied_revision_addendum.md,269bbff0adb1c2c2ca7c80fa73535bda6f93a85024ff5803350c592507934640,4203,research_record
research_program/article_011_periodic_review/v1_to_v2.diff,daa0776e69979d55a8228a43b1707c58ef6b6dcb43a44d4834b1e296357bea94,18508,research_record
research_program/article_012_delay_dynamics/evaluation_and_verification.md,ea9ecde247d1ce1c8dec5ee37f693813df1f7388220fef181834c7c8fda46fda,15625,research_record
research_program/article_012_delay_dynamics/formal_result_inventory.md,4d6d866f0106bb41dbd771be2df25f08014852d6963e212ee88a117926eb80e9,1821,research_record
research_program/article_013_component_accounting/evaluation_and_verification.md,945bd7629da3b6369744cd1e4790a88064b3e360422db85431cebbb47634d87e,11638,research_record
research_program/article_013_component_accounting/formal_result_inventory.md,d948f99bb9c495398351e918b866033fd50adb044d88f277fd754d5f01029285,1350,research_record
research_program/article_014_017_external_verification_sources.md,8d5b1173beed46b834fcd28214d2e16d095d51351c661a490ba2502afb173919,3269,research_record
research_program/article_014_northern_cod/evaluation_and_verification.md,fdedbb236880ad01fa09778732b0e1b93842f31ae853479d772e8c67317a9bc0,5832,research_record
research_program/article_014_northern_cod/formal_content_inventory.md,3d45fdb50a7fb8383aafb6a229fb5cd263b25c7cb210f8b33332166ddae92d59,1962,research_record
research_program/article_015_rejected_multidomain/evaluation_and_verification.md,ad8b9bf1a21d08fe573082ebfb563d55007218d8cedb51cc61bea058c3c36088,2431,research_record
research_program/article_015_rejected_multidomain/formal_content_inventory.md,442271b280e785492c96738a297bcfc4efc546d37cf37d64f0e29a63da5c22dd,1084,research_record
research_program/article_016_adaptive_capacity/evaluation_and_verification.md,62b787ea26fc92756a500b63524feb441ceca857e443954f3a98e8a6edcad891,4623,research_record
research_program/article_016_adaptive_capacity/formal_content_inventory.md,dc05a7ed819086362e8687bc9fe9b5836825588a15fce8cb314559928cdc640e,1566,research_record
research_program/article_017_institutional_index_negative/evaluation_and_verification.md,5ba4d05b0a5f71372f0dddf94f06bfd8b20a118b56a9ecfdb1fa962d9ed8f090,2591,research_record
research_program/article_017_institutional_index_negative/formal_content_inventory.md,73db14ca9e7611d8d35fb2ab499074ec1eb043fb795c28a6452dcbca99c4cf14,974,research_record
research_program/article_018_025_external_verification_sources.md,c1e8d15a70bd0806c911f256c1d1cffecebe2ab00e5a3d865e21bd89bc3bfe7a,1572,research_record
research_program/article_A018_capital_liquidation/evaluation_and_verification.md,5030f688b7f6ea95a82542913b52287881e949a17a4c22d2f39a6894e38415a0,1229,research_record
research_program/article_A018_capital_liquidation/formal_content_inventory.md,c9eca3f50104187bb8da9eaf33635ba0eb8ab8bd870d10040feee68e3a79c974,1278,research_record
research_program/article_A019_closed_ledger/evaluation_and_verification.md,1e8b9286360fb94cef532214f04a675fec044d2a8034bfdec30879310e66aec6,700,research_record
research_program/article_A019_closed_ledger/formal_content_inventory.md,03b9267d1afb8451a54ea5f590ebc2ed6a2b03c71e7c588fab70e91171927b41,370,research_record
research_program/article_A020_two_channels/evaluation_and_verification.md,65e13a87e675ca78eb1ed413dd8904d62055ae80f2810729ec22254f3fc494f3,849,research_record
research_program/article_A020_two_channels/formal_content_inventory.md,0ea4d3b9d6c6a67939d91a9fa34080ba61578b4639264ca26985c984d17e2afa,381,research_record
research_program/article_A021_liebig_graph/A021_rigorous_theorem_completion_data_dossier.md,c52b62d339b67606d14e15d1ef2daa489e259cc376da32ad9919e31d830d9795,15839,research_record
research_program/article_A021_liebig_graph/binding_floquet_convergence_assessment.md,72c832f1b10c20a618c247524efe8ebb868f5bc89907dfa765141db24840b9c3,1798,research_record
research_program/article_A021_liebig_graph/c4_block_neumann_precursor.md,87a8848a35d1083fde9fffe0168edffe838ca4fe7cc25d9b6925cddf78d14d53,2284,research_record
research_program/article_A021_liebig_graph/c4_collocation_inverse_convergence_assessment.md,ff4d9fd583984a8f9b31fdeab9fe0831dd8f1f05428db760cc6933c64570b4cb,2148,research_record
research_program/article_A021_liebig_graph/c4_finite_block_interval_bound_assessment.md,bb9caf6c529212386104ae62a66974a19fa97482f0590122fbdae76f2f96cdcd,3023,research_record
research_program/article_A021_liebig_graph/c4_finite_linear_algebra_rounding_assessment.md,7b8939093d7b75bfc556b1742832c42e7a4e4e00b2938c7f3e0d20360c54b32c,2511,research_record
research_program/article_A021_liebig_graph/c4_finite_radii_and_tail_precursor.md,ccf0df006ff70e9881e8a45f41547a1fedc8723bbd7cbe114dd3980e5b13ace7,2490,research_record
research_program/article_A021_liebig_graph/c4_fourier_newton_assessment.md,0085d44401165d2e8e8f5e2e57f76e847878da5c8a3df9883a88b7cce8dbf439,2862,research_record
research_program/article_A021_liebig_graph/c4_high_mode_inverse_transfer_assessment.md,0261dc1fc7d5584ed0a9d08dfd941b1373080e93181c65ec7f4418645eaf4641,2007,research_record
research_program/article_A021_liebig_graph/c4_highmode_tail_extrapolation.md,b05df07f632d79e36a1f741a0002b0f67e2389e5755361d10848c3390b86d2bb,1824,research_record
research_program/article_A021_liebig_graph/c4_kantorovich_precursor_assessment.md,9683e6a6fe9de1ace7be5115a5c58b75372c52967a209f3ffb67936099b1b5d2,2301,research_record
research_program/article_A021_liebig_graph/c4_linearized_tail_threshold_assessment.md,ddb919fec0a05ce4c003586f120bb9eee9d7ba72083773277dbacf30bbcff0ad,2418,research_record
research_program/article_A021_liebig_graph/c4_operator_consistency_assessment.md,8c6178877fdf35766c5c6bd07f5997e8af8efe589eed1d52a750ec283a2032b6,2321,research_record
research_program/article_A021_liebig_graph/c4_periodic_naim_verification_attempt.md,24caebc6693fce2d1a116409fee4a3d939abc3653ec1b58b5ce0adb5cb7dbcdf,6371,research_record
research_program/article_A021_liebig_graph/c4_sixth_derivative_coefficient_assessment.md,3c5bdaf9b12e99e9f9ad17e6ba24b51a576736b6ce8b4e61d78a4af0b57ab52e,2219,research_record
research_program/article_A021_liebig_graph/c4_sixth_derivative_orbit_ball_sensitivity.md,ad31083b0a668d4f024235ee1c6717f4e78aa6ec14b52e4c94a6cbc3e6ccc65c,1722,research_record
research_program/article_A021_liebig_graph/c4_sobolev_tail_bound_assessment.md,0f0ac18e3362ffb37cf395cd1e70f795169b619db4dd5fbc74123c30d4c7f7cf,2681,research_record
research_program/article_A021_liebig_graph/c4_storage_hull_interval_assessment.md,cfc6d9ee425e9006050544a05112cb5c34fce0075725d6eecff573ffc3544640,2306,research_record
research_program/article_A021_liebig_graph/c4_structured_K600_tail_assessment.md,30178c3244b4e8fe8bee02ce60bffe0e6d2011f7d9c5edd6f5fd4bae719a8fa0,2432,research_record
research_program/article_A021_liebig_graph/c4_tail_feasibility_and_method_pivot.md,a67cf139a0fafdfe57121651589000a9fac04e5cfe16228fa69d587714560132,3374,research_record
research_program/article_A021_liebig_graph/c4_validated_collocation_precursor.md,51d1b104ed658c9db7ea8642e66061c5fb9b84888767b46b79a66323b7dc9d4f,2620,research_record
research_program/article_A021_liebig_graph/c4_validated_numerics_specification.md,c8e689f24d8b018f7efd1463b0b0f22c32f364cd95c2d9aff15254767e9173bf,6110,research_record
research_program/article_A021_liebig_graph/computations/analyze_c4_fourier_seed.py,ef20aa1ccd9224ffc6843a7cfe70dfca24d049a256ba7c9b87fd5a631e302e9c,2255,research_record
research_program/article_A021_liebig_graph/computations/c4_K80_storage_interval_certificate.json,a1bd4a21c4fb6e94bc6de45cff8f7cdb0c21027a72ae5e67919d877eddaeaa81,979,research_record
research_program/article_A021_liebig_graph/computations/c4_K80_storage_interval_certificate.py,905ba7bb5553fd9bfd75eda3bd3030e070137e9a227403e509049705ffc0f845,3533,research_record
research_program/article_A021_liebig_graph/computations/c4_bunching_discrete.json,89876503cbbf6e0d738b5bb713b277881d80a83fe6847f1e61f4c980af4886a6,1249,research_record
research_program/article_A021_liebig_graph/computations/c4_cycle_naim.py,e0e8c0b33dba571a2b3bb8067907a33e7e18740ced69455eefe09b5e1bb06d78,3953,research_record
research_program/article_A021_liebig_graph/computations/c4_discrete_prefactor.py,1596b329334dde0cf66adb21d741139b3d7bace8e297e6ffb0f4c0b878e0ecf3,1219,research_record
research_program/article_A021_liebig_graph/computations/c4_discrete_prefactor_convergence.json,62ef555b27dc226f005cb91f29587cb94033e4e118aa52b0bf76038ca83e7689,5389,research_record
research_program/article_A021_liebig_graph/computations/c4_equilibrium_spectrum.py,81fd25eb76ceac69cd8ad893709b588bac3501e60ea62ba1b0ca8614029b0b71,1202,research_record
research_program/article_A021_liebig_graph/computations/c4_equilibrium_tau10_exact_roots.json,6e90b8f9edc348e073cf1952869aa79227329ef5ada0c762c3aa2633daacc96d,614,research_record
research_program/article_A021_liebig_graph/computations/c4_equilibrium_tau10_projection.json,829ee718d6f5bd6a006d2d34671bac68853ca3277bb36f2c56d37106461ad909,927,research_record
research_program/article_A021_liebig_graph/computations/c4_equilibrium_tau4p5_spectrum.json,4742b3aac2a30cd67fe2460477aadb722e3a2bd5d94a316db51ffecaf9c053dd,5297,research_record
research_program/article_A021_liebig_graph/computations/c4_floquet_convergence_envelope.json,08c757e946705c30820dd53a0c9094792629f04f24e2f8aca69d7b11289ef9a2,729,research_record
research_program/article_A021_liebig_graph/computations/c4_floquet_discrete.py,d231f63928b3ebd5b6f77c981e011fe31e00b450310c918d9359c106c743c59b,3447,research_record
research_program/article_A021_liebig_graph/computations/c4_floquet_dt0p05.json,d0c744e8055a46331caad02f563289bd57ed76d712e7fc75d3e85b4134e6bcb4,2804,research_record
research_program/article_A021_liebig_graph/computations/c4_floquet_dt0p05.npz,8cc7a3d95be5ebff2b9bd1838d041d0d61a543531604474a72caffda134e61ca,268286,research_record
research_program/article_A021_liebig_graph/computations/c4_floquet_dt0p1.json,53730c0f1b518b7ad956b95b10b03f6423c6f2e28c4dd96bec00b2aefa745879,2750,research_record
research_program/article_A021_liebig_graph/computations/c4_floquet_dt0p1.npz,c9a98d2723feb21242313fba2e0f9a4f09a8b29fa8e5d9ac81c2267c8396b043,72256,research_record
research_program/article_A021_liebig_graph/computations/c4_floquet_dt0p25.json,a5d4508bb043b4f94e768769f94c425714bbb9193d0485ae2de667346f4b944a,2722,research_record
research_program/article_A021_liebig_graph/computations/c4_floquet_dt0p25.npz,e8a723d697b341213939386caacae7832fbc412a81e99e69961efe1d59236625,14149,research_record
research_program/article_A021_liebig_graph/computations/c4_fourier_K100_operator.npz,08156365963e204a986fd52637050d434652c0114d57ddd745bce118d8efd7dc,880908,research_record
research_program/article_A021_liebig_graph/computations/c4_fourier_K120_operator.npz,a9bf4a09b7f55c8e05b02d1fc5158def71a4238e13d4223aec0f6345f2324fef,1291490,research_record
research_program/article_A021_liebig_graph/computations/c4_fourier_K160_operator.npz,cacbc21adfa2fd77e422aec8733558d5438dc0c8f17f4aaac791a8e4ef4c539f,2488340,research_record
research_program/article_A021_liebig_graph/computations/c4_fourier_K200_operator.npz,616a1aafd6be21ce7425a0644661e7578fcf27a90db2b394f153b5ab3b5dbdb6,3777246,research_record
research_program/article_A021_liebig_graph/computations/c4_fourier_K240_operator.npz,b45ac34cee0adbe5c9dd67342ef6b113fac75264c2022f78cd4b44ee6306017c,5512964,research_record
research_program/article_A021_liebig_graph/computations/c4_fourier_K40_operator.npz,191ce9312ea615d24a41c1e98b9dc348fdf7013be1892ce778763d3b150cb622,139745,research_record
research_program/article_A021_liebig_graph/computations/c4_fourier_K60_operator.npz,8d3655c7a1010df706ed42aa3367abb3c83fc70cd95bbe9f4abed01363af506e,305012,research_record
research_program/article_A021_liebig_graph/computations/c4_fourier_K80_K100_operator_consistency.json,bc0bc29b0db3ca0304bf72d787226a7adaa664e431041a69355a84dc70407f15,365,research_record
research_program/article_A021_liebig_graph/computations/c4_fourier_K80_kantorovich_precursor.json,4f92bff7e21d38fe680d6f2915700c6155f1aea52c783a61af913ee7c790711b,543,research_record
research_program/article_A021_liebig_graph/computations/c4_fourier_K80_newton.json,605ddc8cbc6b89c7b0428e1e587a546e1fefb53e570eb72cb6ed542bf0ec2d71,744,research_record
research_program/article_A021_liebig_graph/computations/c4_fourier_K80_newton.npz,b8af05e74ff853d6a112cf6131cab1bd58d7c9c76fe60fe8aa6fa029e407f17d,562278,research_record
research_program/article_A021_liebig_graph/computations/c4_fourier_K80_offgrid_residual.json,c976b06e0b137fb6674ae54a7cf7b43c49ab7d49605dd932ac2c0e8acf98db81,489,research_record
research_program/article_A021_liebig_graph/computations/c4_fourier_K80_operator.npz,e3b5da81ee3e212b690b8809ba0be391e23bfaf281faf33fb2b3e2cc24f65403,562442,research_record
research_program/article_A021_liebig_graph/computations/c4_fourier_K80_rounding_bounds.json,51398419b3e3d1b072125f85c0ffeb4f568d21ad44386adc32d99dde21405f1f,544,research_record
research_program/article_A021_liebig_graph/computations/c4_fourier_coefficients_K120.csv,f6273d99f2eefcd21a0b843da0783ca26eec537e164962d54f0c8d5f29d5b783,162615,research_record
research_program/article_A021_liebig_graph/computations/c4_fourier_coefficients_K240.csv,7f730b92bb4345b923152aa37d39cc1b02a17297085ca08e54a9cefaccd1c5aa,326235,research_record
research_program/article_A021_liebig_graph/computations/c4_fourier_coefficients_K80.csv,9ee11550ec447ed5638e57a232161d61e7bdca7eea8429e640a207eb69f4977d,107423,research_record
research_program/article_A021_liebig_graph/computations/c4_fourier_coefficients_manifest.json,9fccb20c6df8b11dfcc97ea8b7b64a8a9e8c21c2ef7a99cbcf9e57a2fc9c7c52,967,research_record
research_program/article_A021_liebig_graph/computations/c4_fourier_kantorovich_precursor.py,87c1f66a00883dcdfbe81e54f4b6516b8d1cb3539cc6d3d65597e75bd3f0e63d,1947,research_record
research_program/article_A021_liebig_graph/computations/c4_fourier_newton.py,c9df036ff15de4637014d053e94a983bfdde56042b390d69770e03be45e2b30d,2952,research_record
research_program/article_A021_liebig_graph/computations/c4_fourier_newton_K_convergence.json,95a8de354d654ea1ee1994573df5e56b86eaef3c9ca267a35c0376a9145f59ad,1856,research_record
research_program/article_A021_liebig_graph/computations/c4_fourier_newton_K_convergence_latest.json,ce7eff7a80c0dabed75e2096509970f4ef3e5488061561a429f4a8b52be8c16d,604,research_record
research_program/article_A021_liebig_graph/computations/c4_fourier_newton_convergence.py,15aa89f9929fecc01692c90720e73dc08d73ee68895d93c474cda53ae6394f1a,2871,research_record
research_program/article_A021_liebig_graph/computations/c4_fourier_operator_consistency.py,2e0895a85e469d458b5797298aa89b7d0576fe5664ec813da853ed647895eb5f,1424,research_record
research_program/article_A021_liebig_graph/computations/c4_fourier_operator_consistency_convergence.json,ce31cfb79706dfecd09140c9e58db3591f4f2982f1d9e723595ef11a31712392,2431,research_record
research_program/article_A021_liebig_graph/computations/c4_fourier_structured_transfer.py,83d58230738d7f4d0c91c1e391191854fc71d47ec4126d45cb985d9fd580aace,2769,research_record
research_program/article_A021_liebig_graph/computations/c4_fourier_structured_transfer_K240_K600.json,0803c15fbee13a0ee87c5303cf65dfc311db5867a745c744531501910d1ddc80,389,research_record
research_program/article_A021_liebig_graph/computations/c4_fourier_tail_precursor.json,382775723c30934ad0db45120e01a361895d99218bf7ca9471e0f1914ac688a6,671,research_record
research_program/article_A021_liebig_graph/computations/c4_fourier_weight_diagnostics.json,ffe658ea258a117daeec55f1e4a984cea98cef2401b34d94ee99c4a7ffbb1278,6253,research_record
research_program/article_A021_liebig_graph/computations/c4_interval_derivative_box.json,f37bf0bd89486e0cef8dd868f0425b7f13d65666e9ea5653261bea9e129f0cd9,1440,research_record
research_program/article_A021_liebig_graph/computations/c4_interval_derivative_box.py,5bb22ec605effbcdf902986d132a8f0f29a1134355656a03d9f2576e1c797692,3109,research_record
research_program/article_A021_liebig_graph/computations/c4_linearization_derivative_tail.json,bf47d60fe6a8943de5b30ae74d40d5bc94f322750856432fe849499ae9cadfeb,679,research_record
research_program/article_A021_liebig_graph/computations/c4_linearization_fourier_decay.json,ada64cd16ce546db9d47e7aab4d0ff90e16fd7aa526b0ea3c41f59b1a6771010,42731,research_record
research_program/article_A021_liebig_graph/computations/c4_linearization_fourier_decay.py,8acedfd05c7482459f4a5753fd968b708bd5f7e313f29ecdd0cf93db03b49edb,1469,research_record
research_program/article_A021_liebig_graph/computations/c4_naim_numerical_summary.json,50121010e74d25c94d38734c8e7b53d3a142a03ded95c423243dc7a99f7b3564,1850,research_record
research_program/article_A021_liebig_graph/computations/c4_sixth_derivative_coefficient_sum.json,1d633a72f530540b4cf68f9d104020e456f63b058a4162b5cee211422328a0b6,574,research_record
research_program/article_A021_liebig_graph/computations/c4_sixth_derivative_sensitivity.json,8e037b41a3ca66c29c96950ca5fcacb29b301ac19e370c5fa1338f27e39a3086,424,research_record
research_program/article_A021_liebig_graph/computations/c4_sixth_derivative_sensitivity.py,f8b2b694feaedec5a59f7c3a82a00b74f137123aa62b4c577c660cf128c72578,2102,research_record
research_program/article_A021_liebig_graph/computations/c4_slack_argument_count.py,5118592ba3b4499c7351d0f6106e411354e183be1d42ee2b53baab7b61553293,2179,research_record
research_program/article_A021_liebig_graph/computations/c4_slack_semigroup_convergence_extrapolation.json,38834b70496055a3c1bfad217c6c27191d009f5278e7c3a8e5b0fbf0b256053a,863,research_record
research_program/article_A021_liebig_graph/computations/c4_slack_semigroup_inf_convergence.json,9086f48ce4f8bf5f6f4e0bd7b33a19d6cb4e82be0c5eff0eb7f263683d75a6c4,4406,research_record
research_program/article_A021_liebig_graph/computations/c4_slack_semigroup_m200.json,5df2704f40e4f4e5b442efcae70d37bfa2fa5b405857ed34a051508e11006505,455,research_record
research_program/article_A021_liebig_graph/computations/c4_slack_semigroup_m400.json,bd516eee5dbe7da5f625d84bdd90e9f1c852ecf0225d72f3a1999b00bc22e32a,455,research_record
research_program/article_A021_liebig_graph/computations/c4_slack_semigroup_prefactor.py,23f9fcedeaeb31be714fa29ce76bb1009bfdc282711345136424fe64d680813e,871,research_record
research_program/article_A021_liebig_graph/computations/c4_slack_tau10_argument_count.json,b2f10a8ab424be944557009df2668cc567963748e2806b4e745c630d6d9b109c,6499,research_record
research_program/article_A021_liebig_graph/computations/c4_tau4p5.json,84c4136cff40488060a3a1908148ee9d36b601c969b15b00ad1bc3d88a8aaf5b,826,research_record
research_program/article_A021_liebig_graph/computations/c4_tau4p5_cap_seed.json,2491ca9c6c8b4d216bb57ac75a77e6fef406203a6ee46c8a84fa2c3f9c81dcc8,554,research_record
research_program/article_A021_liebig_graph/computations/c4_tau4p5_cap_seed.npz,51f5ebefe07240e64087e373ada8fe3fd11df1cdb83d7c6c3363df98f7640df8,65574,research_record
research_program/article_A021_liebig_graph/computations/c4_tau4p5_dt0p1.json,1b5c327aafd1b42b4ff343869e40333b3bf56ed17ae9fa3a336073e2202d0f4c,834,research_record
research_program/article_A021_liebig_graph/computations/c4_tau4p5_dt0p25.json,a0373715a153f802dc222f22755f1e8b52a1d8753a26686ced123dc21ee9500f,825,research_record
research_program/article_A021_liebig_graph/computations/c4_tau4p5_fine.json,df768a438ab524f17b87f52d56d94bc0ec7adafa6b07049c3e030a91445795c1,837,research_record
research_program/article_A021_liebig_graph/computations/c4_tight_jacobian_interval.json,0171fc55dba784edf71bf114014ede170e32504d8689463ecccfa7b9a900212e,546,research_record
research_program/article_A021_liebig_graph/computations/c4_tight_jacobian_interval.py,bf9230e343d656a9392a8320035a25a2af88d2ecc15b25db85b6350825030469,1942,research_record
research_program/article_A021_liebig_graph/computations/export_c4_fourier_coefficients.py,a3808f9b7c465806f92796663537ba5a2b62da31984fa8e16e09464fcad152c3,1528,research_record
research_program/article_A021_liebig_graph/computations/prepare_c4_cap_seed.py,cd3eb29c30ec450ef10db5714876b78838b6648b8280ae5d5bfb9e8909ff4dcc,2118,research_record
research_program/article_A021_liebig_graph/computations/summarize_c4_naim.py,a5c10a615bb21b3ed153ef80b7efe4ab4afd6375a4a6740a674213fc3c6ad7aa,1947,research_record
research_program/article_A021_liebig_graph/data_availability_crosswalk.md,97b5517ec933c9126bb7987a623e87dfb32a89bbe3cbc6d68db8df3b5d8e8f4f,3724,research_record
research_program/article_A021_liebig_graph/evaluation_and_verification.md,da3c9c4bb4912f64e64e1dbe154d6a2844eef7104ae0b62ed83773490d6e0ad8,772,research_record
research_program/article_A021_liebig_graph/formal_content_inventory.md,9a3fcc971d0044181d06d2e68559335f63ae88b061a4e5f48ae7513276d6e1b4,435,research_record
research_program/article_A021_liebig_graph/fourier_weight_selection_assessment.md,b47e7b13f230247c6c6fd3ca788ec6e76f898b40de6cd6c7fbbe0c3773aa7e80,2355,research_record
research_program/article_A021_liebig_graph/generic_two_block_periodic_persistence_theorem.md,bb4ece8798d8f7d6a8d4be515f53a776981454d093abd78f84d7062e2d21640f,8405,research_record
research_program/article_A021_liebig_graph/internal_A018_to_A021_crosswalk_attempt.md,ab0fa7579018f7fcf70c709128a0a2f7ecf4ef3140a42ea487c53d8be2d6aed5,21778,research_record
research_program/article_A021_liebig_graph/manuscript_v18_coupling_assessment.md,35139873dfd2612ddc5acd4669fecebb910366bf23023bc4cc45563b16c9d2dc,4004,research_record
research_program/article_A021_liebig_graph/minimal_two_block_periodic_naim_scaffold.md,670f659013d5178eaba1c7113c5f13412eb21c1c60ef30c03c4929a48f8ed720,4630,research_record
research_program/article_A021_liebig_graph/product_prefactor_bunching_assessment.md,74537c1cbd2986882393bc3a6115630341104aa7c0fbf7c1891ed55789841300,3460,research_record
research_program/article_A021_liebig_graph/slack_root_count_verification.md,5748147754e18ef6a2c41d03a61a67e1d34d079ae0dd04b76db7b5be6b707dbe,2232,research_record
research_program/article_A022_stage_harvest/evaluation_and_verification.md,9ed42d5ed55c144433dae8524496d92021b56ed78edb5798f3bf18619dc46056,912,research_record
research_program/article_A022_stage_harvest/formal_content_inventory.md,19402747441f9bf8a0ef9830ebbb8756f95b1bfe27371b40bb9aab9b34d0ef1b,361,research_record
research_program/article_A023_spatial/evaluation_and_verification.md,8a76254f7b66c09d14ae33a4521a8f55fc3222c915a363968af753d2443d406d,1092,research_record
research_program/article_A023_spatial/formal_content_inventory.md,c40bf1020ee4f6c68fa16640877c8e220bbbcad363697f20465f55af2efaa9fe,557,research_record
research_program/article_A024_first_passage/evaluation_and_verification.md,90700fc88943134b31b401df2c7f7740a0c2e6517a67032edeb472e6644f906d,516,research_record
research_program/article_A024_first_passage/formal_content_inventory.md,655e0f9c79dc898eeb3b487828f746f3b27aa4c2fc1bc5da9a8cebe54c2a0f01,487,research_record
research_program/article_A025_validation_status/evaluation_and_verification.md,80d084efe8c48c1103d720a33b890f09c220a08668ebb5f8d29f72ae3e808dc2,2528,research_record
research_program/article_A025_validation_status/formal_content_inventory.md,fc36eaf0bbc5b942ad9f86254ea3af277d5573101bbe3c36f04a19dbd38b115a,1195,research_record
research_program/article_correction_implementation_ledger.csv,bf41d770806afb6e9d89044d755b20b337e56af6ab890cf9953f76f258e7af5e,8516,research_record
research_program/article_integration_pass_A001_A017.csv,cc5b2defa93bac829927c0943944b955bd7676767cb6f2438f9e9110f84031ce,3383,research_record
research_program/article_integration_pass_A018_A025.csv,fde2a7a7b7919d756c5d84142822b1d6aa2bf2e002e37ca5b4c334d04bcbc520,1631,research_record
research_program/audits/AUDIT_001_critical_architecture.md,07dea46c905104ed938f31eca8161c6f8ddbee2914f1689ae0750b5cc9974877,3024,research_record
research_program/audits/AUDIT_002_internal_consistency.md,c77a3dda26bd306305c7df1a63766b21d1c120ad454ed1d139d73bb56b83414d,7646,research_record
research_program/audits/AUDIT_003_architectural_upgrades.md,11f2b48257ca7e293f63ba1cbe5b5707e628d2c4ee9c45578f07372ab0ce5ccd,1720,research_record
research_program/audits/AUDIT_004_single_spine.md,ee62f56816c97e4999e7514686ea696ff20f9df3d487ab83c80407728f7df3ee,4094,research_record
research_program/audits/AUDIT_005_early_draft_upgrade.md,689b5285bc55a1080299ee2e951003c5eeadbe2e1b2f1ff7a09e7284102be948,11193,research_record
research_program/audits/AUDIT_006_corrected_report.md,c8c4b9ab34b5178072fb93e19552d105cbcaf8843093980c4e2d592f63d1341b,17002,research_record
research_program/audits/INDEX.md,2815d1d3953d10a4d7d3175dd9ecd9e09c198c57c976d198a8a27084f380aaca,2220,research_record
research_program/audits/internal_reasoning_surviving_partB_audit.md,7235c7ed8c397898e7cf768ab280faf3076b1127e0e0f378ec31e6e05b2e647a,4455,research_record
research_program/build_A001_A002_source_proof_locator.py,b5d6fe6d800d67e3a6361c591a6b0eaf9c607163eaad3b70a9a12883ec38f865,9109,research_record
research_program/build_A001_A002_theorem_map.py,9bc11cbf1653e015d14420e1868b2a91795cb82ebc8d395e92e3b7ca4b1a5219,7764,research_record
research_program/build_canonical_concordance.py,965bd949fb7aa3afe6e72f717d02e862d8fad6e40a3caa7b9831c8cf65ac8b71,10546,research_record
research_program/build_paper2_retained_budget.py,19021f883872536334081390a2d0a1af6f07ef87b9fd5d763b0dc17a8adbcbdd,5284,research_record
research_program/canonical_concordance_A001_A025.csv,bbf75ac7bec073e7c0b7c3adc18f3b620bad63768f46c0e83cafc7c35d1f8c91,287357,research_record
research_program/canonical_concordance_A001_A025_coverage.md,eb3ab609b84198905ace7df0c94efcfa1ae758d7337d9a586e0225fcdc4ac465,1261,research_record
research_program/canonical_formal_specification_post_joint_audit.md,0dea0749f1dafbe2b81f4ff6760dd38678e005befe0f695e9a53819acf6dafca,9148,research_record
research_program/canonical_notation_variant_registry_v1_0.csv,5f55186085f43d35026bdb6c4c1b543a3f786e4a57f432b6a348b7fad1ad467a,4853,research_record
research_program/canonical_system_schema_v1_0.json,db1b70e12400a255eef9469f816ac0ad196eb6a943f7f33884052ffbf7eca59c,1794,research_record
research_program/canonical_system_schema_v1_0.md,58a80ec2e0784dd1a0dbf7b40f689c22127573f40e9b9bc440f97998e4b64136,12206,research_record
research_program/claim_ledger.csv,7df55d9b85227b37ca4f75697550501f74c923b166d7ffaaabf2c488509373c3,10514,research_record
research_program/computational_objects.csv,ea31dae3c8b631b30080e604d81f12e381be739c98958fdc6fdd68f989016191,10112,research_record
research_program/cross_article_review_A001_A013.md,424e2f668c02a9d6a8390ae63af286fdebbae0ec44db823c5dd5d9e4f0066f1b,16415,research_record
research_program/cross_article_review_A001_A017.md,6deab8693744d66215448dd21c624a694e126539035fc8be4081d375ea77714b,20963,research_record
research_program/cross_article_review_A001_A025.md,5e8f98d8ae6399fa2aafd1013ba931cea20ede5def1b5c2c41b99a4a3027622c,26837,research_record
research_program/cross_source_gap_register.csv,5fa5bdaeeccf27c4323d08f81fe90f200dff43e784de5aee49546afbe300b31b,4695,research_record
research_program/deep_content_loss_and_restoration_audit_A001_A017.md,7d2480d5b9417693730450c22a14f556f701c18e7eb63766515f4e541a4b3ecc,17850,research_record
research_program/dependency_aware_obstacle_closure_plan.md,de2fa49703e24f30e28d513b09d61bb335fc0e784ee5080af6dfc172dbe2e2bd,8644,research_record
research_program/external_review_packet.md,5848b50df76fc46b0eb81379304f28ac1dfe2544c24d2833942752f80e526ac0,26518,research_record
research_program/external_review_registry.csv,74a631e0cba145ff7231d9b5927381f43b60a9244fd8b433defade5291dd1554,26797,research_record
research_program/external_reviews/A021_crosswalk_numerical_joint_docket_ER020_ER029.csv,31a984ccb61409a6bf87df6468b3a188dd97bebe3174b2d4dd95e1e9b574fccf,3421,research_record
research_program/external_reviews/A021_joint_decision_docket.csv,59d562413d6a7b485a9c8e33af90cd42695225da2d417f9da2082973a9d4273c,15163,research_record
research_program/external_reviews/ER001_gemini/metadata.md,088984eeff0b5b7dc8967d7885f6b0022640ab337de9e3b0e1802102bc8fea89,548,research_record
research_program/external_reviews/ER001_gemini/point_inventory.md,e465837869c76f24f32e745ea634028cacb4c8b33fd365f2f00d62cd6e91442a,4866,research_record
research_program/external_reviews/ER002_independent/metadata.md,0f05606df66820d67981a90f240c709b6ef364b1d2e6dff75737fda7889c1c00,583,research_record
research_program/external_reviews/ER002_independent/point_inventory.md,c6fc6b5bfc38cd24e69bf74d93fa585dac2069ba52fbaff0d1fbaa0d236989ae,6840,research_record
research_program/external_reviews/ER003_user_pasted/metadata.md,a8c013dcfcdc8cdf45fe88deff1a8ac09f92d67b2a7dd95d2b29f3f808cba383,957,research_record
research_program/external_reviews/ER003_user_pasted/point_inventory.md,2d328cbfaffcd4f21c53a3f69d7c61959f8290efddd3476f99d65ca0e3920806,9214,research_record
research_program/external_reviews/ER004_qwen_package/metadata.md,61141668d742d26eb20a0ad59033d8dd76d42ae6a46fe519e5abadfac6e764df,742,research_record
research_program/external_reviews/ER004_qwen_package/package_inventory.md,a3f95f05583e65affff5d205b9e81957d8e501d8429de8d393f094fe1e92476b,12169,research_record
research_program/external_reviews/ER005_numbered_package/metadata.md,e24dc432d884b0fbb9c95385ac8fc335fbd6fce8e7c715cd9a96a5f7736907e6,588,research_record
research_program/external_reviews/ER005_numbered_package/package_inventory.md,d6f736b59fc7da244fc433b4feb28a87e96adb93063eb9b4c3cb849002490514,3883,research_record
research_program/external_reviews/ER006_A021_parallel_1/point_inventory.md,8ad899ed4779af7069b11f4c68794e6c00d708a9b7fc2468955f6f9cd8c86d3d,2324,research_record
research_program/external_reviews/ER006_A021_parallel_1/verbatim.md,c3264a279d0edac669349d3b0293ffaa73b519305bdfea6826df552af4ce4997,14058,research_record
research_program/external_reviews/ER007_A021_parallel_2/point_inventory.md,ad6a7f0bb8e2d6ba00bf7a2d556419037913b92adfcb6227924234d895a4f6cf,3891,research_record
research_program/external_reviews/ER007_A021_parallel_2/verbatim.md,5173a2cbeb5903a878d72d6f00c4b4b3633e82db70425551543ac8e578433a9d,30728,research_record
research_program/external_reviews/ER008_A021_parallel_3/normalized_capture.md,695e9a7f2a216a5e1353286e74306b9a73eb7900cb85b1cf36bec7ad249af9af,7752,research_record
research_program/external_reviews/ER008_A021_parallel_3/point_inventory.md,a9b44cc7398d0e83459c37ef518870b9fc002a3cd6447cad90ffb10369a51b80,3156,research_record
research_program/external_reviews/ER009_A021_parallel_4/normalized_capture.md,0021c4b320d465de5a3715138b6bfb8e418ea1b8541881cab99df512b3b8f90b,2986,research_record
research_program/external_reviews/ER009_A021_parallel_4/point_inventory.md,c7d87d09cee640954c6c0c1f6ca12b64ad193f0b57fca9b2de3173cff9aba244,3848,research_record
research_program/external_reviews/ER010_A021_parallel_5/normalized_capture.md,d8c85096c04e65fcd9df87783051c6d576567e390b5e6e5794d9cf0507710da7,2717,research_record
research_program/external_reviews/ER010_A021_parallel_5/point_inventory.md,e58ec56cd1dd756470f613db4ec97eb92f065f7d149101d25108e25693fd8979,3371,research_record
research_program/external_reviews/ER011_A021_parallel_6/normalized_capture.md,3214de8666c4c834a365814be5ba2e4ba7dbd0988a0841f7c07b71eaeceaa79c,2119,research_record
research_program/external_reviews/ER011_A021_parallel_6/point_inventory.md,b91ffe58cbe84fe493b99803a3760652c22bd1e9bae2fa110f35133bd3cf2e94,2649,research_record
research_program/external_reviews/ER012_A021_parallel_7/completed_remainder_line_audit.md,2c6f752ac687308600ff38b48c9b38451c2584b6e910b62b742f1cb920c661c4,6949,research_record
research_program/external_reviews/ER012_A021_parallel_7/normalized_capture.md,f54cfb857574993f6e830936b74ae795e711cd123d7d1e8d399174e3b4c32adf,2334,research_record
research_program/external_reviews/ER012_A021_parallel_7/point_inventory.md,8751b10cc87489eeb7e0cd6864d5cafb24492d04f7795fc24ce4e82bfc3422bf,5081,research_record
research_program/external_reviews/ER012_A021_parallel_7/remainder_capture.md,64b8d87f2738e72ea574d53e1309522617015e0af8661d53a63f65804f08fa95,2310,research_record
research_program/external_reviews/ER013_A021_claimed_full_proofs/normalized_capture.md,3707ca1f1df033123269bfe25e1fc6910444caf097436503f1e0029410ddcb9f,2552,research_record
research_program/external_reviews/ER013_A021_claimed_full_proofs/point_inventory.md,32e174c442e3940fd1e30705edd8cd77f1c3c967d82447457646f40f00c881cd,9996,research_record
research_program/external_reviews/ER014_A021_time_T_graph_Hopf/normalized_capture.md,0cbef1a62cfed1d9e92f54c192ec9643b238b3142c7f57a3016b1e30e3672e4b,1928,research_record
research_program/external_reviews/ER014_A021_time_T_graph_Hopf/point_inventory.md,0bf5b25dd68231a7e73950187a99cf93fb9d7b6cc41dfa27cfd0af1651461175,8173,research_record
research_program/external_reviews/ER015_A021_BLZ_time_map_report/normalized_capture.md,8fc7cc31195a5f40baf178470c79e5ba83100846c7250a31175c7809de10d29c,1331,research_record
research_program/external_reviews/ER015_A021_BLZ_time_map_report/point_inventory.md,b8f3ff29e03f352ebbd74384c1d8f35edb107d7596d730646c89c278c22b7c21,6844,research_record
research_program/external_reviews/ER016_A021_comprehensive_resolution/normalized_capture.md,bed55aa5d630cd0a2ddbd7992b128309e0e1735b6e6dbd2be002376e9980e23b,1620,research_record
research_program/external_reviews/ER016_A021_comprehensive_resolution/point_inventory.md,78e42951eaf6ef00332b8b03ce57ac2effb2b4abd1f00012fad7d353cc0ddc88,6222,research_record
research_program/external_reviews/ER017_A021_final_conservative_audit/normalized_capture.md,6a4b3c39976586c70086583927357e05885f41d47fbb36ce299f2cfaa3830f73,1267,research_record
research_program/external_reviews/ER017_A021_final_conservative_audit/point_inventory.md,1076d47d32af5545853d826caa7f11343a2ab2fae02aaa6e7780f39ffc2ffebb,4920,research_record
research_program/external_reviews/ER018_A021_missing_model_NAIM_BLZ/normalized_capture.md,c0f69b5dbb591fbede23a640ba227d14dbf9b0ef3c91811702ca567920502392,1538,research_record
research_program/external_reviews/ER018_A021_missing_model_NAIM_BLZ/point_inventory.md,25c4a5b0f3624e73cd0bc67c55d95918fdad16f4ddca12f61dc8091f9e2e50ce,3800,research_record
research_program/external_reviews/ER019_A021_invented_oscillator_BLZ/normalized_capture.md,01ce65bb2665c00ffa6a52c0349d2d6c9564e1eeb3896c244f56e02534b94ec3,1110,research_record
research_program/external_reviews/ER019_A021_invented_oscillator_BLZ/point_inventory.md,bb870ab30b38bd7d6e13e634bfccf2c990916ce32f7ed244a73e92d9e1a0586f,4502,research_record
research_program/external_reviews/ER020_A018_A021_crosswalk_parallel_1/normalized_capture.md,cba272613d4176f659331c96c778d4cd68b0935fe78c14607ccaaa732f7c25cc,1659,research_record
research_program/external_reviews/ER020_A018_A021_crosswalk_parallel_1/point_inventory.md,07fc5150aea023abac7827db9b395cab90f97422eeacb0847e982c97f993b24e,3743,research_record
research_program/external_reviews/ER021_A018_A021_crosswalk_parallel_2/normalized_capture.md,4d019b7107a3a8338e08b96b8da17671f6ee22d8e895eb425a3bcd7d940f8b19,1199,research_record
research_program/external_reviews/ER021_A018_A021_crosswalk_parallel_2/point_inventory.md,74dea9dc360aec290ff045b6ad307d1ce6e18b34c68a82c720c774996baa0632,2062,research_record
research_program/external_reviews/ER022_A018_A021_crosswalk_parallel_3/normalized_capture.md,96de6c1246fb3c34466c195340890b8553f4ef14271e2fde44052bb295e4d905,1642,research_record
research_program/external_reviews/ER022_A018_A021_crosswalk_parallel_3/point_inventory.md,5ae60c3b43efce7de36a49584dc32ca7ac06778d89ab63080d9c2fa271de4478,2755,research_record
research_program/external_reviews/ER023_A018_A021_crosswalk_parallel_4/normalized_capture.md,cc32aa0386ddf16997d15e9f1d9d4aca64a792239dc99f77ec71f90237f7e4e4,1370,research_record
research_program/external_reviews/ER023_A018_A021_crosswalk_parallel_4/point_inventory.md,864901eb82adddc3ed2f2619fac982d777a3550b79cd1b3d369d50639ad8f64d,2173,research_record
research_program/external_reviews/ER024_A018_A021_crosswalk_parallel_5/normalized_capture.md,413872eeee04b4f769c7a790d9c43065ee810685b58f02d60a9a51ed92a01cec,1008,research_record
research_program/external_reviews/ER024_A018_A021_crosswalk_parallel_5/point_inventory.md,8a36ca8de851f7a1b4d25322608a0b0f61af3ee5cd58b87f778e1b039e8ce831,3566,research_record
research_program/external_reviews/ER025_A018_A021_crosswalk_parallel_6/normalized_capture.md,2f37425b247d5cea53d7af580e5d24ba3e1e99290b8873d7ab5f9099723b1c16,1119,research_record
research_program/external_reviews/ER025_A018_A021_crosswalk_parallel_6/point_inventory.md,075e676eb470171d1269c1e4eff6e0f76b2913b406e273eac9ec05022e29a721,2388,research_record
research_program/external_reviews/ER026_A021_C4_NAIM_numerical_parallel_1/normalized_capture.md,70e181ed6b4eda8b0341a45eeef1ad356720f8460eeb538db0c2a3e98b393f3d,1087,research_record
research_program/external_reviews/ER026_A021_C4_NAIM_numerical_parallel_1/point_inventory.md,9eec20edf8997828f9132a41531cf201e45037c83ff5ef013f94b71129b4acfb,3330,research_record
research_program/external_reviews/ER027_A021_C4_NAIM_numerical_parallel_2/normalized_capture.md,40a03a417c62f7aa30238a5bc6d756423dc87733642f92e1a79c87444c0f96de,1004,research_record
research_program/external_reviews/ER027_A021_C4_NAIM_numerical_parallel_2/point_inventory.md,f0d51c4f4f7697ed2d7daa8d460095709e321c208c1807aa05dc8ec107f5d7b9,3054,research_record
research_program/external_reviews/ER028_A021_C4_NAIM_numerical_parallel_3/normalized_capture.md,60ae64ebac1a69f315285fd08619985591e9e8dcf3ba2141d77f7d1d725a8dbc,888,research_record
research_program/external_reviews/ER028_A021_C4_NAIM_numerical_parallel_3/point_inventory.md,4deb41d7c34e2b7cf249035fa0d45186db7ad8d736f540a08d09f8533d515ca2,2004,research_record
research_program/external_reviews/ER029_A021_C4_NAIM_numerical_parallel_4/normalized_capture.md,2258c1cfe40920f7bd36d839320cd9d235520986ec27ffd3d242d171eeb83f14,822,research_record
research_program/external_reviews/ER029_A021_C4_NAIM_numerical_parallel_4/point_inventory.md,5c5fbbb24b396394d8efd8f0543f80937b31efcf51e6dd6dbf5bee7b6f23b1ce,2991,research_record
research_program/external_reviews/ER030_A021_C4_operator_enclosure_graph_transform/normalized_capture.md,a5459c311414c4b04afa024f9cdb50e7be248426f8cc09f6d4d85750370fac0b,1200,research_record
research_program/external_reviews/ER030_A021_C4_operator_enclosure_graph_transform/point_inventory.md,01613e8ee7259dad5bce35f6962c857b7bbd3beb9f52fcfa4211bd50604d66f4,4920,research_record
research_program/external_reviews/ER031_A021_product_bunching_proof_roadmap/normalized_capture.md,faccd8284c837774eed976ca1e65f37ed7351592b6dc08b5010666dfd831eab3,889,research_record
research_program/external_reviews/ER031_A021_product_bunching_proof_roadmap/point_inventory.md,0ced05b05cdfe12e78d29d10c04c3a9600e49b99274df285eaf3db4d410a2e5d,2577,research_record
research_program/external_reviews/ER032_A021_product_bunching_proof_parallel_2/normalized_capture.md,1f748cccab85b9394437a51a8ff1c14844bb51ca0a941f2114f121deae6478a5,910,research_record
research_program/external_reviews/ER032_A021_product_bunching_proof_parallel_2/point_inventory.md,5b56946f700c32e7437a68df6439c381c9082880e135cfec12ec94593bbb1683,2085,research_record
research_program/external_reviews/ER033_A021_discrete_domination_consistency/normalized_capture.md,70dd1430041a2fcd0970d98b333461eff4c8165f2e4d1595714d6ace2213e066,776,research_record
research_program/external_reviews/ER033_A021_discrete_domination_consistency/point_inventory.md,98c9b2f908defb5727c40d126d1a105d4f1b7bafc0f56b52d81347116815ac79,2931,research_record
research_program/external_reviews/ER034_A021_CAP_spec_parallel_1/normalized_capture.md,e79f670cd5a82f629b3d22839e902000df3a8fd7ff7c09664cf19b0d0c648b79,777,research_record
research_program/external_reviews/ER034_A021_CAP_spec_parallel_1/point_inventory.md,f3d633b4c27d0d464e0157abe8c7c8be40ee5b1109c898e0fe0c3fddc39add69,2050,research_record
research_program/external_reviews/ER035_A021_CAP_spec_parallel_2/normalized_capture.md,1e8034c7b3e5b574d4abdff5f01d0c9c644126f72abe2a0b22d14e832cfaef1a,746,research_record
research_program/external_reviews/ER035_A021_CAP_spec_parallel_2/point_inventory.md,21fa09b432ba81d84f6d37f4e0a9e807cf557c88eefe5acca7caf608a3d47a21,1688,research_record
research_program/external_reviews/ER036_A021_missing_raw_coefficients/normalized_capture.md,3bf611aeb6e178e61044edd73aea9deedcfac9efc138c71d337d3c4d45d89e74,669,research_record
research_program/external_reviews/ER036_A021_missing_raw_coefficients/point_inventory.md,69527d0208714a0013a946cab9f33e80e51afa7e13c33f11a0827d04a6c977ba,894,research_record
research_program/external_reviews/ER037_A021_CAP_deliverables_parallel_1/normalized_capture.md,989c4ab8ab97c97576b3fb2b1bd4752503f4a37a72644743d3162bc42326d4a3,800,research_record
research_program/external_reviews/ER037_A021_CAP_deliverables_parallel_1/point_inventory.md,9beb2e0be39761aba624c14f420ed1f6d727ea1d7d4b548fa6d7a8aed379537f,1690,research_record
research_program/external_reviews/ER039_publication_strategy_monograph_led/normalized_capture.md,7b1fbef85b1fd3d01be88901f9bb0c8e36e2d6243b3330339efdd3389fcdabc5,935,research_record
research_program/external_reviews/ER039_publication_strategy_monograph_led/point_inventory.md,1a15d72f896d0dd0cdfa65b741156519f0b342c73f75be95598da993a4c40884,2348,research_record
research_program/external_reviews/ER040_publication_strategy_coherent_series/normalized_capture.md,6cc57835edcfc25da107133de824d13d12c52ac1654ae9e5e022e2c233d4305f,1203,research_record
research_program/external_reviews/ER040_publication_strategy_coherent_series/point_inventory.md,9693c6f218b3159281e45c23ec5dadf74f446aa79e2dfbea5dc3d9cdff60da32,1597,research_record
research_program/external_reviews/ER041_publication_strategy_dependency_graph/normalized_capture.md,83183343f4c55e0fe4ac0b670edfc0c9f880dbc9847cc719043847d3cbc3ea87,1291,research_record
research_program/external_reviews/ER041_publication_strategy_dependency_graph/point_inventory.md,664b4bcc07627713177720d7b84566dad1c14d389b9463c6a40beec72762d461,2128,research_record
research_program/external_reviews/ER042_publication_strategy_flagship_orbit/normalized_capture.md,c17e871fed4f9fc0243f37d0afb644c1771628a80d7728998b19feb67c50a1f3,1200,research_record
research_program/external_reviews/ER042_publication_strategy_flagship_orbit/point_inventory.md,268708d31fdb816ac05115ce36ec2a36a2f124933acbe2c9d592b0cf54c38d48,1829,research_record
research_program/external_reviews/ER043_publication_strategy_hub_spoke_cascade/normalized_capture.md,fa21b6da27d0e49284dbc0ea739f8c7ad41ebba8d4d51e96cbc3b117a8901ad8,1138,research_record
research_program/external_reviews/ER043_publication_strategy_hub_spoke_cascade/point_inventory.md,ec3ddabbaf0dca3c49dfac150141c5119a2bbada9d3c2319b1453b0a6a30d2d1,2086,research_record
research_program/external_reviews/ER044_A001_composition_repair_strong_invariance/normalized_capture.md,6b7795ef264bfc4b95326f988d65a5efe236bcf437a2cf40ad7874a05a32b901,1431,research_record
research_program/external_reviews/ER044_A001_composition_repair_strong_invariance/point_inventory.md,5903db99411a61fc9bddfe007fefc08247f4c144192774874e9a925ff7ac9394,1944,research_record
research_program/external_reviews/ER045_A001_composition_repair_Carathéodory/normalized_capture.md,4a7d53803954c723918b82cb34dafabacedfcb31301af240cbc73712c2c6a780,1395,research_record
research_program/external_reviews/ER045_A001_composition_repair_Carathéodory/point_inventory.md,e742bde46eeebb874ce182fa57d527210e859a129d68431aaf4d98f12a6a4810,2246,research_record
research_program/external_reviews/ER046_A001_composition_robust_joint_invariance/normalized_capture.md,f0c06b2732c8d4deed2a15b2d2be0e253ecfcaa2b73bc7e54f7b0b11f2dabc16,1498,research_record
research_program/external_reviews/ER046_A001_composition_robust_joint_invariance/point_inventory.md,936c4b6703081b12b518dc68fe278e2241a8d11e92d2752005f572f48cd3ee86,2079,research_record
research_program/external_reviews/ER047_A001_composition_product_cone_selector_growth/normalized_capture.md,072d78c146f88013dc452f1545908d5990fca6663f243f43f6694cc102a2ed8e,1606,research_record
research_program/external_reviews/ER047_A001_composition_product_cone_selector_growth/point_inventory.md,7ba312a2cbe039ca207cf5862a74d6713c7f02a7aeea7b5f1b51c98fcea75654,1891,research_record
research_program/external_reviews/composition_audit_batch_provisional_reconciliation.md,8da6c1bde0a08513f43e4c0e73e8b2f6bba00747d75825e7ddd0479be7498bd0,5050,research_record
research_program/external_reviews/joint_audit_A001_composition_internal_ER044_ER047.md,58ee964f3aada6727d4bb829d031ae881a2926e94e07d2fc2b7d47e5f7c2d61f,3519,research_record
research_program/external_reviews/joint_audit_A001_operatorI_strong_invariance_erosion.md,236715574f438ebfdfbfa5ab88b03d579b4340db842122494c6be4368a952f8a,2614,research_record
research_program/external_reviews/joint_audit_A021_CAP_spec_ER034_ER035.md,532e51e9861c9a5d9b39288fe0ee0e57e39dddab98aaa64b9ae5131220f01672,1382,research_record
research_program/external_reviews/joint_audit_A021_crosswalk_numerics_ER020_ER029.md,f5a4c3f1960e659295e578f799efaf62d772bf01ee738ef13b8e3c0de2f56b74,8894,research_record
research_program/external_reviews/joint_audit_A021_internal_ER006_ER010.md,d89cdee01194815fdfd8fdc652287ef2de89b744a8079e130e7c4ce200f3622d,28571,research_record
research_program/external_reviews/joint_audit_A021_prefactor_proof_ER031_ER032.md,9785b07dc543cb1a64e8255c20b4396d124561e9f563bdb674eb2bc1c45294f4,1415,research_record
research_program/external_reviews/joint_audit_ER001_ER005.md,8851f995460b408ff33177668b9944ad3d7454e153b9b9090951e632c673e3c9,36418,research_record
research_program/external_reviews/joint_audit_ER001_ER005_plus_all_logged_recommendations.md,048b4d4f5848678acd778370cd0199a5f81840bc81e0d1dfe1c2b721bfb45be3,20195,research_record
research_program/external_reviews/joint_audit_publication_strategy_ER039_ER043.md,7bb7b5d9a3f86a845837337ba8010d530a703e9badf2c5580891a42d98305aa3,13750,research_record
research_program/external_reviews/recommendation_reconciliation_all_logged.csv,793c608cdc00ff05ec3fe2783b1bacb3f13698f8d1bbe7081e1074c3e5e3ff5d,180503,research_record
research_program/four_audit_deep_scan.md,8101cf43666a450ef53fd255d6e6b4c9a891481e9377c07f096857a96be29ec4,16625,research_record
research_program/full_historical_nonloss_rescan_all_prior_turns.md,5c9a588a1e8fc478ecf1103d4a4ba49d2b94ce98b652f38a2d281a427bf85514,12114,research_record
research_program/full_history_low_match_candidates.txt,ed8af6bd290b7aa93d97fb16e9a704cf531712aaec8492b56353c83491252b49,142072,research_record
research_program/historical_nonloss_coverage_matrix.csv,1a7ec805b29d6305fdd4f072bc6bad019702810d91b38590dcb0ad659b0e2cb0,2808,research_record
research_program/inference_edges.csv,e0ca40ee0793e2b364c86030187f4d94a8ab90064c2cc465b6b01795cb4587e6,1884,research_record
research_program/internal_provisional_A001_composition_theorem_answer.md,5396c7733b1b7f71e668efd35c3b4c371c40bd0c5b31a59efb078d3b7546b01b,7435,research_record
research_program/internal_provisional_A021_RFDE_invariant_graph_proof.md,013c1bf4dec6b82ad49a14af4ceaab36ef03c3bfd64d9767b3c5269797c684d8,20819,research_record
research_program/internal_provisional_Paper1_operatorII_novelty_answer.md,d9906c2c7251ddb073cc9f706bb53572538e010e478d080c34774c1d75fe11cb,10172,research_record
research_program/internal_provisional_difficult_gate_answers_index.md,65278a1890dc63a9345c68e4ce0d15081f04800c820d7ef2ecb1199a59595a1e,1992,research_record
research_program/internal_provisional_response_to_external_packet.md,27093c535c7099190ab399dba9af56ec605d7c90864bb699a4cd78563d8db31e,24397,research_record
research_program/manage_actions.py,f3523fca485cad4b1a997c2eb3ffc6c58fb4b63964d183377b590ca2903cfe39,3028,research_record
research_program/mathematical_error_register.md,2b32a94c77286f61b51022d70a97274a7c39dab5028ff26f2c5e416d48fbcd9e,26014,research_record
research_program/new_packet_A018_A025_line_level_joint_audit.md,fc9b31e1bc2b51da86ffde6b24f02d6c0361e1733b3863819cf7eed9dc89e99c,19965,research_record
research_program/operator_I_hierarchy_v1_0.md,273cdb7619182d82c023584781fe4b8f65363da736fe1f8233ddd2d46bb27465,8145,research_record
research_program/paper1_finite_architecture_transformation_theorem.md,29a1114b7cc4d9f287a6d1057492f60753c65f97c29ffda051345e8d2b1cec82,8368,research_record
research_program/paper2_retained_row_budget.csv,c7f2ee14b77c09299a4174317f35098f936e84ae51f1b4482f686cc860beac17,33642,research_record
research_program/paper2_retained_row_budget_report.md,bbae194baab851e17885c45425e90655afaa6ea2ce65cf291693f51fa635dd20,1078,research_record
research_program/paper2_theorem_atlas_content_budget.md,8c01b676bacdaca1197860562097bbe8ea8e63744db26359a646e372a5386d9e,6479,research_record
research_program/priority_roadmap.md,3a8020da690d16f7d6d2fa48a022c110d4b73d9e414a2eba4973eed61ed3e357,11069,research_record
research_program/program_roadmap_A018_A025_evaluation.md,f89e587a4f28547444c956223a81feac9fe0aff4695da96550e75d9d40b17f8a,2073,research_record
research_program/prompts/A001_operatorI_strong_invariance_and_erosion_prompt.md,e5eacfc31c49f7774f2a197c50b5d97c36c4c031f0f577376e4262b340685a8b,3428,research_record
research_program/prompts/A001_restricted_composition_theorem_repair_prompt.md,bfd16346e6e793894acb283be24fac1557637f0d7ce8e4095c0ff5162c57c969,4789,research_record
research_program/prompts/A018_to_A021_crosswalk_prompt_self_containment_audit.md,5a817f8bbabe714e642178671b3cb8bf870fc6ff96d887b18e9d5cc74542be8c,1903,research_record
research_program/prompts/A018_to_A021_formal_crosswalk_prompt.md,57ff3bd20195a5a7bf441a0979597d6de348d9597f084a9f27baed654a7e3120,16914,research_record
research_program/prompts/A021_RFDE_invariant_graph_prompt_self_audit.md,7e40c332bc36c8910cae917b876c06fc29557bbf6056be136637f81b8f38eeaa,2543,research_record
research_program/prompts/A021_RFDE_invariant_graph_proof_prompt.md,a689db0eeb2ce5dad8870303474d5a5e548849ee86bd5e9f6693c80db762d41f,16714,research_record
research_program/prompts/Paper1_operatorII_novelty_and_independent_contribution_prompt.md,a72cc520fba631b11ac6cb01a8ba897f57d940b802e3a1f21d20d49afda3aa8d,5143,research_record
research_program/remaining_obstacles_to_general_theory.md,9a3161f0161424dfc29878059adc381ecd2a7cef3be075d41337974f6b050f4a,9769,research_record
research_program/render_action_register.py,839383dddb2821c6daa21d85599c37ab35411e254547f3e176353fe94d30c32d,1529,research_record
research_program/restoration_docket_A001_A017.csv,4036e06e22f323725d9f5e34cc8f0d981d0c583e48be606ab46489c583e959a9,3833,research_record
research_program/revised_optimal_publication_architecture_A001_A025.md,6dc1cd14b78482dba73ee8bf506dbd38c7dd6a509677d698796c5473bba21461,11830,research_record
research_program/source_registry.csv,56149fe43c279c37fe34e646627229cac288dafb2c76a6ed32d45010e744edd3,13028,research_record
research_program/source_static_checks_A018_A025.csv,4d188f4a28c965a24659dac4a53800061fe3fe9af09dd2d58be44b06b02ecf45,866,research_record
research_program/track_file_changes.py,11d23c5966e4bd29726b008ed5501be90cf15d1b5715ce95f930cf9a6c5118f6,5140,research_record
research_program/validate_methodology_records.py,3effe5a3ae7c8468a6d4b6267e4bbbacbdd36dc411af4de451bc387ca88b956e,2823,research_record
research_program/verification_routing.csv,49b13bc85b8f0a6515c1c6696012751e350e192340b7212eb1409e4c259b0331,1544,research_record
research_program/workflow_continuity_correction.md,d0685e971cda34f2faa484f9f269b48619047de5c8d77a904f981f67d83cf051,1056,research_record
research_program_integration_protocol.md,5c5fe916b6cb4e9305f77d70e941c6b7808bedcb9306e436c2eeaa5d28af1385,16733,project_file
revised_articles/A001_viability_theory_corrected.md,ce77d19f34a82ae131224468905a95b659ff754ea22084bfb927f88cafbce1b8,139575,corrected_article_source
revised_articles/A002_general_theory_corrected.tex,109207dfc2197ee118c76a35db0be2fe527430a06bb952c75aec40d24641cd03,159827,corrected_article_source
revised_articles/A003_institutional_feedback_corrected.tex,26c273fa38e8a66453a8d6f49f1200813ba1abd757161ceab31e66f04b1b4edf,10581,corrected_article_source
revised_articles/A004_phosphorus_module_corrected.tex,0564f18f350409cfbd15b4721f51c0ee3c8f4b015034cb4db607ac87aa13f3f9,10529,corrected_article_source
revised_articles/A005_groundwater_module_corrected.tex,dc9c4352bc2235130c54448446cd088ed45f1fe8c334a6e7de7c3178569d9ce3,10510,corrected_article_source
revised_articles/A006_robust_epistemic_corrected.tex,7ae096185b048fc4f7627baa74658183778eeed3fb697fea71b9531d9c76d847,17284,corrected_article_source
revised_articles/A007_hybrid_architecture_corrected.tex,0f5757032c46586f5caeb68e5d00729637b004a9120023be0057e6962896b584,13608,corrected_article_source
revised_articles/A011_periodic_review_corrected.tex,c64f1c2145b23316b74b167f3a5500179fd17636d17bda256584e780c9633ab1,38718,corrected_article_source
revised_articles/A012_delay_dynamics_corrected.tex,e8ee9c254bb9c22dcbfdd25a0b1b91c5b8b724ef207faf4ecbc898439534326a,50597,corrected_article_source
revised_articles/A013_component_accounting_corrected.tex,554a822a086d16d70be1d1b3e70cf4693dd9f6a23de6cbcda5d2cccd9d24ebbc,33532,corrected_article_source
revised_articles/A014_northern_cod_revised.md,8436dfe1d3e717d16fe9ac26c664411ad4039a1f9ccbbac7e4eed7fdae111279,8352,corrected_article_source
revised_articles/A015_rejected_multidomain_archival_note.md,20c243dc5f5b6cb99553cae667efa34bbc2e7bb0543c058f209747e0a6fca63c,2601,corrected_article_source
revised_articles/A016_adaptive_capacity_revised.md,9d15a40b732aaf497de902c8f504f4273405d7ef5485d88cc5ca64773e285a79,8961,corrected_article_source
revised_articles/A017_institutional_index_negative_revised.md,724325850a685dbe1c1b3e3b23548aaf8fe212b7ca871a3eb8012e6a5cc28a29,4015,corrected_article_source
revised_articles/A018_capital_liquidation_corrected.tex,b87e4ce3c63866e8f30a275436b22288d488bd4257515bae05fb68e50c30dbf3,182779,corrected_article_source
revised_articles/A019_closed_ledger_corrected.tex,cca7b6d6b119c1ec26c949a3367f5370e7aa24386dad6a4fae92d82d4c264122,13432,corrected_article_source
revised_articles/A020_two_channels_corrected.tex,fc3fc11b8978a5f775ff7e79c164a383a9c504704b049d17f6b6e75c14a580ea,13740,corrected_article_source
revised_articles/A021_liebig_graph_corrected.tex,f9c12ae626ea3595411046d8f1682d702e4281f18816c262c0de678efd7cb419,25634,corrected_article_source
revised_articles/A022_stage_harvest_corrected.tex,27051da9fb43410de5a4361a53100bf6e184c1c2296b513358d2a8cfb6150c80,6619,corrected_article_source
revised_articles/A023_spatial_corrected.tex,c92b6345db4cee5c407e0a0d47166752fd4cc13742688110dedf79fc6ea04634,15988,corrected_article_source
revised_articles/A024_first_passage_corrected.tex,5321d64cc1a695a6665fe1ba157da0f4c6a03058db7726eca4cf8185efd32ccf,14644,corrected_article_source
revised_articles/A025_interval_folds_corrected.tex,d98c47e77f05031f3582e046d7237646241fdfcf1e69598851e29740e4b9c82e,11947,corrected_article_source
revised_articles/APPLIED_LEDGER_DYNAMICS_SUPPLEMENT_INDEX.md,4cc90ac9ba898e30cd5e4c194af5d0006dc742810d804c910916792a0bbafde0,1564,corrected_article_source
revised_articles/INDEX.md,702305d091e1b0233174d4f4151464077f399d2e9bfaf81526897eb6927eedc9,3449,corrected_article_source
revised_manuscript_traceability.docx,26184671bc43651a4cce05d8a0ef8c4c484c4eb7f26f46406f0f1ca20717b786,46813,rendered_manuscript
revised_manuscript_traceability.md,b5f6810f10c68cded91f374beb35bfa894ac09fecb9a31ae8a3f706b5f57cc8a,20029,manuscript_source
revised_sustainability_manuscript.docx,dfc492a2ce254a661478ab4f8a4782bb113d86ac9585d46028ae53044d83e7cd,99778,rendered_manuscript
revised_sustainability_manuscript.md,1fba10c87846317634b987f5541e73645e67559392914e20d3c3a44885d1b0b6,156755,manuscript_source
uploads/1.txt,b699846d7893ae1aac86371bded2c81fbdab2d146dca8b8c84c1010e00837a4a,11542,immutable_source
uploads/2.txt,72c70daa0beff965fb93c4752685c01ac4ad33d656248d79bc639b59b53dbace,12302,immutable_source
uploads/3.txt,72c70daa0beff965fb93c4752685c01ac4ad33d656248d79bc639b59b53dbace,12302,immutable_source
uploads/4.txt,f2d529065819202f82dafe0df8c2eb652351f7ba43c40fe6cdf2539ea8884dfa,13052,immutable_source
uploads/5.txt,3c53a16fe0ee2ecdfc17593f569dc9fed07f3c7084772c4e80b65498ba08edd5,11745,immutable_source
uploads/DERIVATIVE_AUDIT.md,c2663ab27b134446964cf1aa4b5dd68d99d66ceda8dc28d6c9b7fa5b82e615bf,2989,immutable_source
uploads/MODEL_REGISTRY.md,d5223f768b21c221d7ab85194f6e385ab3c8266d826730fdf829639beea3c890,6014,immutable_source
uploads/NOTATION_AUDIT.md,1220b5029d6813bf21dceb38399ad5381c68514d23bcb0bf821d278576bf8a82,2551,immutable_source
uploads/PAPER_VIII_CERTIFICATION_PROTOCOL.md,24c013e32189df8286386c6c9c23a0681458c93e59ecd15b3c6d49251ea1ca57,4574,immutable_source
uploads/PAPER_VIII_VALIDATION_STATUS.md,f0baca08bc8a97f602cbe3875291eacee8b8540ba159f04f6dfb302d3219a339,2668,immutable_source
uploads/PROGRAM_ROADMAP.md,52f2b43540996be259e854e030bba8b83f2563f2d406b0a0722c0f8eae962bd8,2709,immutable_source
uploads/Paper_III_Groundwater_Module.txt,3eeca4c0f4c26946d734688f92a415aa4b4969a1f9c3e69274b39fd70918400a,8751,immutable_source
uploads/Paper_II_Robust_Epistemic_Viability_V2.txt,9acd11604ed7fe05b4812d9083040fbf0b4c33b7fd083dfa31287139f2c01ce3,16903,immutable_source
uploads/Paper_IV_Phosphorus_Agriculture_Module.txt,04e062e298003301ff66ba13b256e3d8bc6de4c3a244802fc088436117f9c603,8688,immutable_source
uploads/Paper_I_Hybrid_Sustainability_Architecture_V4.txt,3dcff92fa7d8ebd69a945ef2fd9558b061c8f29dbd57cd7fe6cb46ec196b5988,13113,immutable_source
uploads/Paper_V_Institutional_Feedback_and_Nonlinear_Transitions.txt,7d652addb4e5712c8a6d027a124fbf720c987d54d5f75a78a822610d31f682e1,9808,immutable_source
uploads/THRESHOLD_REGISTRY.md,4975f6ae63f94e5a0bc5bab419793c27fe69f0c5c64954398fcdec4cd77bee81,4195,immutable_source
uploads/corrected_report.md,cf12f4d138d4e6d37e788f0a5097dea32d8c65300f2cb8959d94a8170b6fab8a,61366,immutable_source
uploads/external_review_response.md,cf90efccbcd14dc61b151d35f508067e4a3c4746846a4cbc4a87d61eca1d5a7f,65831,immutable_source
uploads/gemini.txt,a68b84f63eea99f3562b45da2a241b58445b7ae2dbfd4c9d272148aa76c61dc3,106532,immutable_source
uploads/general_theory.txt,e5c8b57ae47d5f24a2e3be0e80ce28ebbcebc2125d4a066115d2de13dbc5efc9,157711,immutable_source
uploads/glm 5.3.txt,680f26a6285a31d16844d05779abb31b78f533aa3c06a12d8b0f03cebb07d96f,193405,immutable_source
uploads/glm 5.3_2.txt,e382324ee633007cac9af4b2d3aa07ffc90376df4bd1590d2e3236b1593b1dc2,194638,immutable_source
uploads/gpt1.txt,12201ca780d98a3c682989f1e78ca450be42cac48040af37a3e24436582743f1,26863,immutable_source
uploads/grok.txt,ce6c662d3ca0c261a657d95b11b7d108f866ec76d7e93c451834d8851976d50b,110121,immutable_source
uploads/manuscript.txt,756b331f3ff99fe9db239d9a6f6cc6d3a3df92e3ed4bcaf007bc52486177e46e,176190,immutable_source
uploads/manuscript_v18_dehedged.txt,15b6da19449d40ae9c5233dc8110e44b4f604f1673fd34a1671ab45b50d99acd,606247,immutable_source
uploads/paper1_accounting.txt,5715a037643fffc6c95808efb503031f57ed3f47f5a32e89da92110a17ab684b,33036,immutable_source
uploads/paper1_final.md,dbb9145aca0765652737f953ff7ea03162d643a33a336db6893eb6cfb3698795,10406,immutable_source
uploads/paper2_dynamics.txt,0375c9057bef6b0720159f44ecf9be7661404cc76fa7624d5e9296c5888133da,49719,immutable_source
uploads/paper2_final.md,9091474d11cc43da7cce5af285e445223dd5896ba028d3c39a8991b5a3d8fca8,3542,immutable_source
uploads/paper3_empirical.txt,0607bc809fcf5711459a085c7c7b2de4cab738c2484acc8cfdb674b22cca0ba3,38649,immutable_source
uploads/paper3_final.md,b15afc1e5ddb40fea6d29713f99f23bd3bca4c70d5c23d33e89c299640d19fde,9139,immutable_source
uploads/paper3_rev2.md,225eab62f9af788139e98eff297fb0055139fd23efc10f6f39095af324ae297e,6695,immutable_source
uploads/paper4_final.md,839d14bfe1eeb770fa704e5228ba6ed84f607b7e042eb6e004be907fd761add3,4536,immutable_source
uploads/paper4_perspective.txt,6a267fecfdc4be4aab4d4739a1fb11816c0eab7855ea46c9ae99421e3e2e7928,47926,immutable_source
uploads/paper4_rev3.md,2b3dec070f19b8fd77aa6236fe4550b65cffe48fae3ee048a307c84963c91fe9,24796,immutable_source
uploads/paper_III_two_channels.txt,08cfa85a65b366f343165cebe8cb6f1c0d9833d08f73ff1936b5b51ab126b94e,13200,immutable_source
uploads/paper_II_closed_ledger.txt,0f3dabd48ff6a4c3197c669b4fe955b5ff1933dacda95d06d720c70b74f37764,13130,immutable_source
uploads/paper_IV_liebig_cm.txt,5e3a71cc9b461eed12a17b8301f3f1daa27b671704deefa418f4ababe4df2ba9,9592,immutable_source
uploads/paper_VIII_interval_folds.txt,7d6bffe7ade66f356852cdac6ef3f0c58da3d6d8592aee8ca9c9a9b4f9883457,11611,immutable_source
uploads/paper_VII_first_passage.txt,ed19e2d973773148548e985eb29e2a72f3eddc280c657712e51600362de7ce46,14362,immutable_source
uploads/paper_VI_spatial.txt,021d419e616c6055e3cf7151961a87ee4ad887de93f6254efdc17af34d69d118,15745,immutable_source
uploads/paper_V_stage_harvest.txt,ceda90a3ffa2c521ae1617c3b32600384b0076794191c715dbd3d130354ff60e,6387,immutable_source
uploads/qwen.txt,396d5dfe02019c7796fba52bcd15b428459dd95b3c452527b48b11eee06e8f2a,16719,immutable_source
uploads/qwen2.txt,ecb277c408aa39af20fc6956b98dc6b5f1490d25318a8353bc329c8b06872b69,8410,immutable_source
uploads/qwen3.txt,4a0d8e0cae668e63a9006d9dd8d48fc5d44bff89a4a9e44afa8449707da77522,30068,immutable_source
uploads/qwen4.txt,af7e3160cec4f6ab715889f3700080ccc24202e69ab058458bbe545f776301d1,18707,immutable_source
uploads/qwen5.txt,0a459e6593b1c4676b0861c1d728a143c46f39e11520ef275efc9ec51775154a,20018,immutable_source
uploads/qwen6.txt,51a50749a0884ae633fbd7f477fa1d4591ff7d36d0e064482ec692c60447bc48,48414,immutable_source
uploads/topdown.txt,58bbfe28ae6d95f64b5ce9ad905d579c698f94316bc0cbd3fa4d9e54f9b5f1c3,146909,immutable_source
