edge_id,parent_claim,child_claim,edge_type,scope_condition,evidence,status
EDGE-001,CL-MASTER-001,CL-MASTER-002,defined_by,Within a fixed declared architecture,revised_sustainability_manuscript.md,active
EDGE-002,CL-MASTER-001,CL-MASTER-003,defined_by,Across registered architectures,revised_sustainability_manuscript.md,active
EDGE-003,CL-A003-001,CL-MASTER-003,consistent_with,Nonlinear transitions may be candidate architecture-changing or within-architecture mechanisms; no derivation,research_program/article_003_institutional_feedback/evaluation_and_verification.md,active
EDGE-004,CL-A014-001,CL-MASTER-002,consistent_with,A014 supplies a bounded counterexample to overgeneralized autonomous scalar viability narratives; no derivation of master operator,research_program/article_014_northern_cod/evaluation_and_verification.md,active
EDGE-005,CL-A016-001,CL-MASTER-001,consistent_with,Declared normative noncompensation and population mapping,research_program/article_016_adaptive_capacity/evaluation_and_verification.md,active
EDGE-006,CL-A017-001,CL-MASTER-001,consistent_with,Negative audit prevents invalid scalar from entering typed architecture,research_program/article_017_institutional_index_negative/evaluation_and_verification.md,active
EDGE-007,CL-A019-001,CL-MASTER-001,consistent_with,Finite-donor material accounting constrains the applied model; no derivation of the master architecture,research_program/article_A019_closed_ledger/evaluation_and_verification.md,active
EDGE-008,CL-A024-001,CL-MASTER-002,consistent_with,First-passage proxies are diagnostics and not viability kernels,research_program/article_A024_first_passage/evaluation_and_verification.md,active
EDGE-009,CL-A025-001,CL-A021-001,restricted_by,Numerical continuation evidence cannot be upgraded to certified fold or persistence premise,uploads/PAPER_VIII_VALIDATION_STATUS.md,active
