year,n_days,H_mean,H_min,H_max,n_provisional,R_uv_12,R_uv_1234,R_sa_total,P_uv
1941,343,872.0905247813411,867.75,875.65,0,241.70000000000002,431.3,850.7,17.9
1942,361,873.975484764543,871.85,875.75,0,198.6,317.0,557.8,22.5
1943,365,871.9112328767122,867.95,874.55,0,78.8,123.69999999999999,273.1,19.2
1944,366,867.9001639344262,866.75,869.25,0,140.1,239.2,560.9,11.6
1945,365,868.2425479452055,865.15,870.05,0,118.39999999999999,227.79999999999998,527.8,12.4
1946,365,864.2634246575343,862.85,867.05,0,135.10000000000002,203.60000000000002,556.1,6.2
1947,365,869.1915616438356,867.05,870.75,0,150.10000000000002,212.0,422.6,13.8
1948,341,864.1549266862171,860.45,868.35,0,66.7,112.9,178.3,9.2
1949,313,865.8738338658147,859.05,871.15,0,252.1,353.90000000000003,508.1,13.2
1950,355,867.7990140845071,862.05,871.75,0,77.0,117.3,200.2,17.8
1951,322,855.0132298136647,846.85,861.75,0,46.7,80.4,139.9,16.9
1953,365,828.052904109589,817.75,835.25,0,36.5,44.1,167.6,27.5
1954,365,831.718301369863,823.15,836.75,0,92.9,111.9,162.1,26.6
1955,365,828.6098904109589,822.75,834.25,0,150.1,158.39999999999998,192.0,28.3
1956,366,822.7146448087432,812.75,834.15,0,19.8,25.000000000000004,43.7,59.6
1957,365,826.1446849315068,810.95,840.85,0,242.2,437.1,1142.6,29.0
1958,365,853.7447671232877,840.75,866.05,0,566.7,1085.4,1711.2,23.7
1959,365,871.4242191780822,866.15,876.05,0,268.5,426.8,690.4,43.0
1960,363,875.5700826446281,873.05,876.85,0,216.8,408.70000000000005,824.8,53.7
1961,352,877.3324715909092,875.55,878.45,0,236.5,399.29999999999995,717.1,56.5
1962,365,873.8647671232877,869.75,878.25,0,94.0,121.8,239.4,64.6
1963,365,865.7112054794521,860.95,869.65,0,66.7,82.0,170.7,51.4
1964,346,855.7097976878614,848.95,860.95,0,183.2,260.8,413.2,49.3
1965,365,863.9179452054794,860.35,865.85,0,180.9,308.1,623.5,46.8
1966,365,864.670301369863,860.15,867.15,0,303.2,419.09999999999997,615.2,48.5
1967,360,861.6657222222221,856.45,867.35,0,220.10000000000002,315.3,466.5,81.1
1968,366,871.1814207650274,864.85,873.35,0,306.8,571.9000000000001,884.7,58.0
1969,365,870.3572054794521,866.55,874.95,0,233.5,348.4,610.5,88.5
1970,365,873.8423561643837,871.35,876.15,0,254.5,371.5,661.6,100.9
1971,365,870.8169589041096,863.95,877.65,0,475.79999999999995,670.6,925.3,117.0
1972,366,876.1475409836065,874.55,877.75,0,253.0,456.6,756.4,112.6
1973,347,877.9274639769453,874.45,881.65,0,447.5,857.8,1486.5,96.5
1974,251,878.894780876494,875.95,881.35,0,226.79999999999998,378.2,658.5,133.3
1975,307,880.5585016286645,879.35,882.15,0,215.39999999999998,459.19999999999993,973.0,112.0
1976,366,879.967349726776,875.95,884.95,0,389.29999999999995,639.5,894.1,136.4
1977,362,883.6774585635359,881.35,886.25,0,295.9,518.0999999999999,952.0,156.5
1978,365,878.2969863013699,875.65,882.55,0,142.89999999999998,277.5,502.5,154.3
1979,365,878.8423287671233,876.05,881.95,0,329.8,601.5,1117.8,130.1
1980,361,872.3401108033241,867.95,879.05,0,144.2,212.1,406.4,151.0
1981,343,874.9759766763849,867.85,881.75,0,570.2,927.9000000000001,1448.4,104.2
1982,365,878.8020547945206,876.35,881.85,0,142.8,254.70000000000002,422.4,129.2
1983,292,874.0134589041096,870.85,877.05,0,165.10000000000002,228.10000000000002,420.1,107.7
1984,351,863.5061253561254,856.85,873.25,0,72.8,99.69999999999999,197.9,156.9
1985,360,871.0273888888888,862.25,876.85,0,292.8,492.0,1003.3,156.9
1986,342,874.6693859649123,872.15,877.85,0,381.20000000000005,597.0,1153.7,91.7
1987,333,884.888048048048,877.85,889.05,0,781.8,1298.0,2003.6,94.9
1988,366,881.0949453551913,877.95,887.05,0,177.10000000000002,219.00000000000003,355.5,156.7
1989,363,871.8224242424242,866.65,879.05,0,105.2,127.10000000000001,214.4,156.9
1990,365,867.4084931506849,861.55,872.95,0,734.3,920.0999999999999,1123.2,118.1
1991,365,869.7218630136986,865.35,873.75,0,746.2,1164.5,1508.4,76.6
1992,366,882.1580054644809,872.85,885.45,0,821.0,1588.2,2485.7,76.5
1993,353,880.9546742209632,877.25,884.85,0,111.1,201.5,447.6,107.5
1995,361,874.0797229916898,871.23,877.21,0,254.7,351.79999999999995,531.3,90.8
1996,366,865.673606557377,859.04,874.15,0,222.0,242.8,324.3,117.6
1997,365,873.0950410958905,868.24,882.31,0,386.0,651.4,1134.6,77.0
1998,363,875.0365289256199,868.7,880.57,0,356.3,630.2,1142.3,113.1
1999,365,879.2233698630138,876.75,880.72,0,238.20000000000002,326.2,473.5,104.0
2000,366,871.8579508196722,867.98,878.33,0,361.4,449.7,614.5,89.1
2001,365,874.9534794520548,872.69,877.18,0,424.2,614.5,1069.4,68.6
2002,362,877.9468784530387,871.02,883.24,0,290.9,706.7,1573.7,76.2
2003,365,880.326,877.88,883.27,0,262.0,361.1,669.0,89.4
2004,366,881.6734699453551,879.24,884.9,0,906.4,1366.3,2176.1,91.3
2005,365,882.6276438356165,880.19,885.59,0,252.7,381.9,764.0,107.4
2006,365,873.1976164383561,868.6,880.88,0,105.7,119.7,201.6,107.5
2007,365,874.6225753424658,867.83,882.73,0,946.2,1456.6,2162.3,64.6
2008,366,877.0507103825137,873.37,882.65,0,92.7,108.4,212.9,102.0
2009,365,865.2434794520548,860.14,873.35,0,88.8,104.1,211.0,76.9
2010,365,865.2200273972603,862.18,866.98,0,240.3,458.1,813.5,53.1
2011,365,853.4596438356165,847.38,864.3,0,29.0,32.0,112.0,79.6
2012,366,844.2555464480876,840.06,848.88,0,160.89999999999998,184.2,313.5,57.6
2013,365,837.2369315068493,833.92,841.4,0,94.4,97.8,182.7,43.6
2014,365,829.5585753424658,824.2,836.63,0,52.599999999999994,71.89999999999999,107.2,41.5
2015,365,840.833698630137,823.6,859.0,0,625.7,886.3000000000001,1358.1,27.1
2016,366,866.8849726775957,859.1,874.4,0,523.5,760.0,1221.1,46.9
2017,365,875.017808219178,873.1,876.8,0,217.8,265.2,486.6,63.0
2018,365,871.787397260274,864.3,878.7,146,675.2,900.9,1105.0,69.9
2019,365,879.4958904109589,878.1,880.6,365,182.39999999999998,250.19999999999996,492.0,76.8
2020,366,873.7830601092895,867.7,879.1,366,56.7,64.93,184.0,79.1
2021,365,864.3263013698629,861.4,867.8,353,83.0,91.30000000000001,244.0,56.1
2022,365,851.8320547945206,842.6,861.4,25,93.89999999999999,96.12999999999998,156.0,70.7
2023,365,844.4597260273972,840.2,849.4,365,95.89999999999999,100.47,147.0,45.4
2024,366,835.0396174863388,829.4,843.3,366,89.39999999999999,91.57999999999998,154.0,
2025,365,830.7026849315068,818.34,839.32,365,,,,
2026,246,839.3831300813008,833.61,851.78,246,,,,
