2025 EDITION NATIONAL FOOTPRINT AND BIOCAPACITY ACCOUNTS (DATA YEAR 2022) ,,,,,,,,,,,,,,,,
Visualize and explore results from the National Footprint and Biocapacity Accounts 2025 Edition at data.footprintnetwork.org,,,,,,,,,,,,,,,,
"© 2025,  York University, FoDaFo, Global Footprint Network. National Footprint and Biocapacity Accounts, 2025 Edition. For more information, contact data@footprintnetwork.org",,,,,,,,,,,,,,,,
,,,,,,,,,,,,,,,,
,,,,,,,,,,,,,,,,
,,,,,,,,,,,,,,,,
,,,,,,,,,,,,,,,,
,,,,,,,,,,,,,,,,
,,,,,,,,,,,,,,,,
,,,,,,,,,,,,,,,,
,,,,,,,,,,,,,,,,
,,,,,,,,,,,,,,,,
,,,,,,,,,,,,,,,,
,,,,,,,,,,,,,,,,
,,,,,,,,,,,,,,,,
,,,,,,,,,,,,,,,,
,,,,,,,,,,,,,,,,
,,,,,,,,,,,,,,,,
,,,,,,,,,,,,,,,,
,,,,,,,,,,,,,,,,
,,,,,,,,,,,,,,,,
,,,,,,,,,,,,,,,,
,,,,,,,,,,,,,,,,
,,,,,,,,,,,,,,,,
,,,,,,,,,,,,,,,,
,,,,,,,,,,,,,,,,
,,,,,,,,,,,,,,,,
,,,,,,,,,,,,,,,,
,,,,,,,,,,,,,,,,
,,,,,,,,,,,,,,,,
,,,,,,,,,,,,,,,,
,,,,,,,,,,,,,,,,
,,,,,,,,,,,,,,,,
,,,,,,,,,,,,,,,,
,,,,,,,,,,,,,,,,
,,,,,,,,,,,,,,,,
,,,,,,,,,,,,,,,,
,,,,,,,,,,,,,,,,
,,,,,,,,,,,,,,,,
,,,,,,,,,,,,,,,,
,,,,,,,,,,,,,,,,
,,,,,,,,,,,,,,,,
,,,,,,,,,,,,,,,,
,,,,,,,,,,,,,,,,
,,,,,,,,,,,,,,,,
,,,,,,,,,,,,,,,,
,,,,,,,,,,,,,,,,
,,,,,,,,,,,,,,,,
,,,,,,,,,,,,,,,,
,,,,,,,,,,,,,,,,
,,,,,,,,,,,,,,,,
,,,,,,,,,,,,,,,,
,,,,,,,,,,,,,,,,
,,,,,,,,,,,,,,,,
,,,,,,,,,,,,,,,,
,,,,,,,,,,,,,,,,
,,,,,,,,,,,,,,,,
,,,,,,,,,,,,,,,,
,,,,,,,,,,,,,,,,
,,,,,,,,,,,,,,,,
,,,,,,,,,,,,,,,,
,,,,,,,,,,,,,,,,
,,,,,,,,,,,,,,,,
,,,,,,,,,,,,,,,,
,,,,,,,,,,,,,,,,
,,,,,,,,,,,,,,,,
,,,,,,,,,,,,,,,,
,,,,,,,,,,,,,,,,
,,,,,,,,,,,,,,,,
,,,,,,,,,,,,,,,,
,,,,,,,,,,,,,,,,
,,,,,,,,,,,,,,,,
,,,,,,,,,,,,,,,,
,country, year," Ecological Footprint of Production 
(gha per capita)"," Ecological Footprint of Consumption 
(gha per capita)"," Biocapacity 
(gha per capita)"," Ecological Footprint of Production Total 
(gha)", Ecological Footprint of Consumption Total (gha), Biocapacity Total (gha),,,,,,,,
,World,1961,2.28,2.28,3.18,"  7,009,115,874 ","  7,009,115,874 ","  9,755,285,064 ",,,,,,,,
,World,1962,2.27,2.27,3.13,"  7,111,534,927 ","  7,111,534,927 ","  9,800,557,481 ",,,,,,,,
,World,1963,2.23,2.23,3.07,"  7,126,784,924 ","  7,126,784,924 ","  9,803,718,332 ",,,,,,,,
,World,1964,2.21,2.21,3.01,"  7,231,978,194 ","  7,231,978,194 ","  9,845,376,514 ",,,,,,,,
,World,1965,2.21,2.21,2.96,"  7,388,181,107 ","  7,388,181,107 ","  9,865,602,670 ",,,,,,,,
,World,1966,2.31,2.31,2.92,"  7,859,340,352 ","  7,859,340,352 ","  9,945,665,575 ",,,,,,,,
,World,1967,2.44,2.44,2.87,"  8,468,037,731 ","  8,468,037,731 ","  9,980,800,972 ",,,,,,,,
,World,1968,2.47,2.47,2.83,"  8,746,859,342 ","  8,746,859,342 ","  10,032,042,417 ",,,,,,,,
,World,1969,2.48,2.48,2.77,"  8,991,975,564 ","  8,991,975,564 ","  10,033,193,488 ",,,,,,,,
,World,1970,2.69,2.69,2.73,"  9,932,768,985 ","  9,932,768,985 ","  10,074,499,028 ",,,,,,,,
,World,1971,2.70,2.70,2.69,"  10,189,441,389 ","  10,189,441,389 ","  10,131,541,184 ",,,,,,,,
,World,1972,2.61,2.61,2.62,"  10,041,193,297 ","  10,041,193,297 ","  10,089,190,173 ",,,,,,,,
,World,1973,2.78,2.78,2.60,"  10,886,510,142 ","  10,886,510,142 ","  10,196,154,252 ",,,,,,,,
,World,1974,2.75,2.75,2.54,"  10,982,765,156 ","  10,982,765,156 ","  10,149,593,744 ",,,,,,,,
,World,1975,2.74,2.74,2.50,"  11,159,132,328 ","  11,159,132,328 ","  10,168,266,673 ",,,,,,,,
,World,1976,2.74,2.74,2.47,"  11,348,910,065 ","  11,348,910,065 ","  10,212,962,923 ",,,,,,,,
,World,1977,2.72,2.72,2.43,"  11,462,289,184 ","  11,462,289,184 ","  10,226,119,816 ",,,,,,,,
,World,1978,2.77,2.77,2.41,"  11,898,823,709 ","  11,898,823,709 ","  10,328,527,425 ",,,,,,,,
,World,1979,2.81,2.81,2.36,"  12,284,891,868 ","  12,284,891,868 ","  10,308,710,136 ",,,,,,,,
,World,1980,2.60,2.60,2.32,"  11,538,980,329 ","  11,538,980,329 ","  10,313,785,424 ",,,,,,,,
,World,1981,2.57,2.57,2.30,"  11,610,146,448 ","  11,610,146,448 ","  10,401,952,796 ",,,,,,,,
,World,1982,2.47,2.47,2.27,"  11,401,878,107 ","  11,401,878,107 ","  10,481,602,612 ",,,,,,,,
,World,1983,2.37,2.37,2.23,"  11,127,429,021 ","  11,127,429,021 ","  10,446,780,976 ",,,,,,,,
,World,1984,2.53,2.53,2.22,"  12,070,022,308 ","  12,070,022,308 ","  10,589,920,928 ",,,,,,,,
,World,1985,2.57,2.57,2.19,"  12,511,394,308 ","  12,511,394,308 ","  10,638,511,654 ",,,,,,,,
,World,1986,2.55,2.55,2.15,"  12,624,696,632 ","  12,624,696,632 ","  10,661,981,942 ",,,,,,,,
,World,1987,2.56,2.56,2.12,"  12,885,552,845 ","  12,885,552,845 ","  10,699,544,153 ",,,,,,,,
,World,1988,2.62,2.62,2.08,"  13,429,574,615 ","  13,429,574,615 ","  10,650,997,124 ",,,,,,,,
,World,1989,2.65,2.65,2.06,"  13,820,415,471 ","  13,820,415,471 ","  10,772,749,182 ",,,,,,,,
,World,1990,2.60,2.60,2.05,"  13,816,929,584 ","  13,816,929,584 ","  10,904,053,985 ",,,,,,,,
,World,1991,2.50,2.50,2.01,"  13,534,458,381 ","  13,534,458,381 ","  10,842,616,225 ",,,,,,,,
,World,1992,2.42,2.42,2.00,"  13,273,809,176 ","  13,273,809,176 ","  10,990,945,815 ",,,,,,,,
,World,1993,2.40,2.40,1.96,"  13,380,743,524 ","  13,380,743,524 ","  10,947,987,772 ",,,,,,,, 
,World,1994,2.46,2.46,1.95,"  13,949,759,212 ","  13,949,759,212 ","  11,035,249,523 ",,,,,,,,
,World,1995,2.48,2.48,1.91,"  14,255,045,097 ","  14,255,045,097 ","  10,981,316,689 ",,,,,,,,
,World,1996,2.52,2.52,1.91,"  14,689,226,311 ","  14,689,226,311 ","  11,109,262,530 ",,,,,,,,
,World,1997,2.48,2.48,1.89,"  14,675,009,541 ","  14,675,009,541 ","  11,158,063,164 ",,,,,,,,
,World,1998,2.45,2.45,1.87,"  14,685,379,834 ","  14,685,379,834 ","  11,199,656,143 ",,,,,,,,
,World,1999,2.52,2.52,1.85,"  15,297,299,742 ","  15,297,299,742 ","  11,228,881,105 ",,,,,,,,
,World,2000,2.57,2.57,1.83,"  15,827,422,934 ","  15,827,422,934 ","  11,227,518,503 ",,,,,,,,
,World,2001,2.61,2.61,1.81,"  16,251,683,468 ","  16,251,683,468 ","  11,298,724,462 ",,,,,,,,
,World,2002,2.50,2.50,1.79,"  15,768,122,276 ","  15,768,122,276 ","  11,285,441,338 ",,,,,,,,
,World,2003,2.53,2.53,1.76,"  16,196,195,050 ","  16,196,195,050 ","  11,271,333,729 ",,,,,,,,
,World,2004,2.63,2.63,1.76,"  17,052,807,462 ","  17,052,807,462 ","  11,386,896,720 ",,,,,,,,
,World,2005,2.67,2.67,1.73,"  17,522,029,236 ","  17,522,029,236 ","  11,366,484,376 ",,,,,,,,
,World,2006,2.68,2.68,1.72,"  17,817,225,119 ","  17,817,225,119 ","  11,402,770,483 ",,,,,,,,
,World,2007,2.76,2.76,1.70,"  18,539,603,193 ","  18,539,603,193 ","  11,433,574,974 ",,,,,,,,
,World,2008,2.74,2.74,1.70,"  18,677,597,806 ","  18,677,597,806 ","  11,562,516,605 ",,,,,,,,
,World,2009,2.61,2.61,1.67,"  18,031,318,373 ","  18,031,318,373 ","  11,517,049,624 ",,,,,,,,
,World,2010,2.75,2.75,1.66,"  19,237,208,973 ","  19,237,208,973 ","  11,592,075,621 ",,,,,,,,
,World,2011,2.80,2.80,1.65,"  19,780,118,466 ","  19,780,118,466 ","  11,667,781,790 ",,,,,,,,
,World,2012,2.77,2.77,1.62,"  19,838,958,269 ","  19,838,958,269 ","  11,585,198,446 ",,,,,,,,
,World,2013,2.79,2.79,1.62,"  20,204,528,915 ","  20,204,528,915 ","  11,753,845,672 ",,,,,,,,
,World,2014,2.74,2.74,1.61,"  20,113,868,784 ","  20,113,868,784 ","  11,797,782,223 ",,,,,,,,
,World,2015,2.69,2.69,1.59,"  19,960,954,590 ","  19,960,954,590 ","  11,807,973,175 ",,,,,,,,
,World,2016,2.64,2.64,1.58,"  19,842,648,924 ","  19,842,648,924 ","  11,861,017,949 ",,,,,,,,
,World,2017,2.71,2.71,1.58,"  20,616,501,286 ","  20,616,501,286 ","  11,977,911,640 ",,,,,,,,
,World,2018,2.72,2.72,1.55,"  20,885,383,199 ","  20,885,383,199 ","  11,940,791,316 ",,,,,,,,
,World,2019,2.69,2.69,1.54,"  20,856,370,498 ","  20,856,370,498 ","  11,983,270,160 ",,,,,,,,
,World,2020,2.52,2.52,1.53,"  19,739,601,375 ","  19,739,601,375 ","  11,959,978,864 ",,,,,,,,
,World,2021,2.66,2.66,1.52,"  21,002,952,519 ","  21,002,952,519 ","  11,999,721,910 ",,,,,,,,
,World,2022,2.68,2.68,1.50,"  21,380,521,853 ","  21,380,521,853 ","  11,997,119,779 ",,,,,,,,
,World*,2023,2.65,2.65,1.49,"  21,292,955,994 ","  21,292,955,994 ","  11,998,610,710 ",,,,,,,,
,World*,2024,2.64,2.64,1.48,"  21,418,773,399 ","  21,418,773,399 ","  12,000,029,015 ",,,,,,,,
,,,,,,,,,,,,,,,,
,* Preliminary Estimates,,,,,,,,,,,,,,,