locator_id,source_id,source_sha256,source_label,source_title,statement_start_line,statement_end_line,proof_start_line,proof_end_line,statement_words,proof_words,proof_presence,substantive_correction_dependencies,documentation_dependencies,verification_status,source_file
TM-A001-001,A001,58bbfe28ae6d95f64b5ce9ad905d579c698f94316bc0cbd3fa4d9e54f9b5f1c3,Theorem 2.1 (Constraint monotonicity).,"If $\mathcal V_1 \subseteq \mathcal V_2$ are closed, then",124,129,130,131,23,32,located,,V-A001-13;V-A001-14,source_proof_located_not_reverified,uploads/topdown.txt
TM-A001-002,A001,58bbfe28ae6d95f64b5ce9ad905d579c698f94316bc0cbd3fa4d9e54f9b5f1c3,Theorem 2.2 (Control-set monotonicity).,"If $U_1(x) \subseteq U_2(x)$ for every $x$, then",132,137,138,139,26,9,located,,V-A001-13;V-A001-14,source_proof_located_not_reverified,uploads/topdown.txt
TM-A001-003,A001,58bbfe28ae6d95f64b5ce9ad905d579c698f94316bc0cbd3fa4d9e54f9b5f1c3,Theorem 2.3 (Product structure).,"If $\mathcal P = \prod_\ell \mathcal P_\ell$ is a product of uncoupled systems with constraint sets $\mathcal V_\ell$, then",140,149,150,151,73,34,located,,V-A001-13;V-A001-14,source_proof_located_not_reverified,uploads/topdown.txt
TM-A001-004,A001,58bbfe28ae6d95f64b5ce9ad905d579c698f94316bc0cbd3fa4d9e54f9b5f1c3,Theorem 2.4 (Face necessity is not kernel necessity).,"Let $\mathcal V$ be a closed product of intervals and let $\Gamma$ be a face. The Nagumo condition $F(x, U(x)) \cap T_{\mathcal V}(x) \neq \varnothing$ is necessary for $\Gamma \subset \operatorname{Viab}(\mathcal V)$ but not necessary for $\operatorname{Viab}(\mathcal V) \neq \varnothing$.",152,153,154,157,57,79,located,,V-A001-13;V-A001-14,source_proof_located_not_reverified,uploads/topdown.txt
TM-A001-005,A001,58bbfe28ae6d95f64b5ce9ad905d579c698f94316bc0cbd3fa4d9e54f9b5f1c3,Theorem 2.5 (Physical primacy).,"Let $U_{\mathrm{phys}}$ be the maximal correspondence compatible with the physical actuators, and let $U_{\mathrm{soc}}(x) \subseteq U_{\mathrm{phys}}(x)$ be any socially available restriction. Then",158,167,168,173,70,131,located,,V-A001-13;V-A001-14,source_proof_located_not_reverified,uploads/topdown.txt
TM-A001-006,A001,58bbfe28ae6d95f64b5ce9ad905d579c698f94316bc0cbd3fa4d9e54f9b5f1c3,Theorem 2.6 (Information contraction).,Let $\pi_{\mathrm{perf}}$ be perfect information and $\pi_{\mathrm{obs}}$ any causal observation-based class. Then,174,181,182,195,38,179,located,,V-A001-13;V-A001-14,source_proof_located_not_reverified,uploads/topdown.txt
TM-A001-007,A001,58bbfe28ae6d95f64b5ce9ad905d579c698f94316bc0cbd3fa4d9e54f9b5f1c3,Proposition 3.1.,Let $K = \operatorname{Viab}(\mathcal V)$. Then,196,203,204,209,43,126,located,,V-A001-13;V-A001-14,source_proof_located_not_reverified,uploads/topdown.txt
TM-A001-008,A001,58bbfe28ae6d95f64b5ce9ad905d579c698f94316bc0cbd3fa4d9e54f9b5f1c3,Corollary 3.1.,"Every state in $\mathcal V \setminus K$ has infinite recovery time to $K$ if recovery is required to remain in $\mathcal V$. Any definition of ""recovery resilience"" based on reaching $K$ while staying in $\mathcal V$ is identically zero on $\partial K$.",210,213,,,54,0,immediate_from_preceding_proposition,,V-A001-13;V-A001-14,source_derivation_identified_manual_rewrite_optional,uploads/topdown.txt
TM-A001-009,A001,58bbfe28ae6d95f64b5ce9ad905d579c698f94316bc0cbd3fa4d9e54f9b5f1c3,Definition 3.1.,Let $\mathcal E \supseteq \mathcal V$ be a closed emergency envelope. Define the capture basin,214,240,,,81,0,not_required_definition_or_example,,V-A001-13;V-A001-14,definition_or_nonproof_item,uploads/topdown.txt
TM-A001-010,A001,58bbfe28ae6d95f64b5ce9ad905d579c698f94316bc0cbd3fa4d9e54f9b5f1c3,Definition 3.2.,"For $x \in \operatorname{Capt}_{\mathcal E}(K)$, define the envelope-relative recovery time",241,269,,,156,0,not_required_definition_or_example,,V-A001-13;V-A001-14,definition_or_nonproof_item,uploads/topdown.txt
TM-A001-011,A001,58bbfe28ae6d95f64b5ce9ad905d579c698f94316bc0cbd3fa4d9e54f9b5f1c3,Definition 3.3 (Robust informational capture basin).,"An initial belief $B_0 \subseteq \mathcal E$ belongs to $\operatorname{ERCapt}_{\mathcal E}(K_{\mathcal I})$ if there exists an observation-based policy and a finite $T$ such that, for every compatible initial state, disturbance, and observation error:",270,276,,,99,0,not_required_definition_or_example,,V-A001-13;V-A001-14,definition_or_nonproof_item,uploads/topdown.txt
TM-A001-012,A001,58bbfe28ae6d95f64b5ce9ad905d579c698f94316bc0cbd3fa4d9e54f9b5f1c3,Definition 3.4 (Worst-case informational recovery time).,"For an initial belief $B_0$,",277,293,,,59,0,not_required_definition_or_example,,V-A001-13;V-A001-14,definition_or_nonproof_item,uploads/topdown.txt
TM-A001-013,A001,58bbfe28ae6d95f64b5ce9ad905d579c698f94316bc0cbd3fa4d9e54f9b5f1c3,Proposition 3.2 (Information monotonicity of recovery time).,"If $\mathcal I_1 \succeq \mathcal I_2$, then $\tau_{\mathcal E}^{\mathcal I_1}(B) \le \tau_{\mathcal E}^{\mathcal I_2}(B)$ whenever both are compared from corresponding initial information states.",294,295,296,307,37,83,located,,V-A001-13;V-A001-14,source_proof_located_not_reverified,uploads/topdown.txt
TM-A001-014,A001,58bbfe28ae6d95f64b5ce9ad905d579c698f94316bc0cbd3fa4d9e54f9b5f1c3,Definition 4.1: Information set.,"Given an observation history $y_{[0,t]}$, define the compatible-state set",308,323,,,54,0,not_required_definition_or_example,,V-A001-13;V-A001-14,definition_or_nonproof_item,uploads/topdown.txt
TM-A001-015,A001,58bbfe28ae6d95f64b5ce9ad905d579c698f94316bc0cbd3fa4d9e54f9b5f1c3,Definition 4.2.,A control selected from information state $B$ is robustly admissible if,324,338,,,86,0,not_required_definition_or_example,,V-A001-13;V-A001-14,definition_or_nonproof_item,uploads/topdown.txt
TM-A001-016,A001,58bbfe28ae6d95f64b5ce9ad905d579c698f94316bc0cbd3fa4d9e54f9b5f1c3,Definition 4.3.,Let $\mathfrak B$ be a suitable hyperspace of closed information sets. Define,339,354,,,54,0,not_required_definition_or_example,,V-A001-13;V-A001-14,definition_or_nonproof_item,uploads/topdown.txt
TM-A001-017,A001,58bbfe28ae6d95f64b5ce9ad905d579c698f94316bc0cbd3fa4d9e54f9b5f1c3,Theorem 4.1.,"Suppose observation structure $\mathcal I_1$ is more informative than $\mathcal I_2$, meaning every $\mathcal I_2$-history is a causal function of the corresponding $\mathcal I_1$-history. Then",355,364,365,368,54,101,located,,V-A001-13;V-A001-14,source_proof_located_not_reverified,uploads/topdown.txt
TM-A001-018,A001,58bbfe28ae6d95f64b5ce9ad905d579c698f94316bc0cbd3fa4d9e54f9b5f1c3,Corollary 4.1.,"If the observation history has a causal inverse, then epistemic and perfect-information kernels coincide, under either admissibility semantics.",369,370,,,21,0,immediate_from_information_equivalence,,V-A001-13;V-A001-14,source_derivation_identified_manual_rewrite_optional,uploads/topdown.txt
TM-A001-019,A001,58bbfe28ae6d95f64b5ce9ad905d579c698f94316bc0cbd3fa4d9e54f9b5f1c3,Proposition 4.2 (Downward closure of the epistemic kernel).,"If $B \in \operatorname{EViab}_{\mathcal I}(\mathcal V)$ and $C \subseteq B$ is a possible initial information set under the same observation model, then $C \in \operatorname{EViab}_{\mathcal I}(\mathcal V)$.",371,372,373,378,44,67,located,,V-A001-13;V-A001-14,source_proof_located_not_reverified,uploads/topdown.txt
TM-A001-020,A001,58bbfe28ae6d95f64b5ce9ad905d579c698f94316bc0cbd3fa4d9e54f9b5f1c3,Theorem 4.2.,"There exist systems with $\operatorname{Viab}(\mathcal V; U, \pi_{\mathrm{perf}}) = \mathcal V \neq \varnothing$ and $\operatorname{EViab}_{\mathcal I}(\mathcal V) = \varnothing$ for a non-injective observation $\mathcal I$.",379,380,381,398,34,484,located,,V-A001-13;V-A001-14,source_proof_located_not_reverified,uploads/topdown.txt
TM-A001-021,A001,58bbfe28ae6d95f64b5ce9ad905d579c698f94316bc0cbd3fa4d9e54f9b5f1c3,Theorem 4.3 (Delay margin in feedback).,"For the scalar delayed controlled system $\dot x = -a x - B x(t-\tau)$ ($a > 0$, $B \ge 0$):",399,403,404,413,74,243,located,,V-A001-13;V-A001-14,source_proof_located_not_reverified,uploads/topdown.txt
TM-A001-022,A001,58bbfe28ae6d95f64b5ce9ad905d579c698f94316bc0cbd3fa4d9e54f9b5f1c3,Theorem 4.4 (Observer-to-viability transfer with safety buffer).,Consider the output-feedback system,414,437,438,476,188,404,located,,V-A001-13;V-A001-14,source_proof_located_not_reverified,uploads/topdown.txt
TM-A001-023,A001,58bbfe28ae6d95f64b5ce9ad905d579c698f94316bc0cbd3fa4d9e54f9b5f1c3,Theorem 4.5 (Robust invariance / tangency).,"If $K \subseteq \mathcal V$ is closed, $\mathcal R_K(x) \neq \varnothing$ for every $x \in K$, and $\mathcal R_K$ admits a measurable feedback selection $k(x)$ with well-posed closed-loop, then $K$ is robustly controlled invariant, $K \subseteq \operatorname{RViab}(\mathcal V)$. Under the usual regularity and convexity assumptions of discriminating-kernel theory the converse holds, so $\operatorname{RViab}(\mathcal V)$ is the largest closed subset of $\mathcal V$ satisfying the robust tangency condition.",477,478,479,525,79,601,located,V-A001-02,V-A001-13;V-A001-14,source_proof_located_not_reverified,uploads/topdown.txt
TM-A001-024,A001,58bbfe28ae6d95f64b5ce9ad905d579c698f94316bc0cbd3fa4d9e54f9b5f1c3,Theorem 4.6 (Belief viability fixed point).,"Let $\mathfrak S = \{B \neq \varnothing : B \subseteq \mathcal V\}$ and define $\mathfrak K_0 = \mathfrak S$, $\mathfrak K_{n+1} = \mathfrak K_n \cap \operatorname{Pre}(\mathfrak K_n)$. Then $B \in \mathfrak K_n$ iff an observation-based policy keeps every compatible physical trajectory in $\mathcal V$ for $n$ sampling periods; and under compactness and closed-graph hypotheses,",526,533,534,539,96,501,located,,V-A001-13;V-A001-14,source_proof_located_not_reverified,uploads/topdown.txt
TM-A001-025,A001,58bbfe28ae6d95f64b5ce9ad905d579c698f94316bc0cbd3fa4d9e54f9b5f1c3,Definition 4.4 (Safely informative action).,An action $u \in \mathcal A_\Delta(B)$ is *safely informative* relative to a belief-size functional $r$ if,540,549,,,66,0,not_required_definition_or_example,,V-A001-13;V-A001-14,definition_or_nonproof_item,uploads/topdown.txt
TM-A001-026,A001,58bbfe28ae6d95f64b5ce9ad905d579c698f94316bc0cbd3fa4d9e54f9b5f1c3,Theorem 4.7 (Instantaneous common-action obstruction).,"Suppose $B$ is a possible information set containing a state on $\partial \mathcal V$, and",550,557,,,78,0,proof_omitted_add_explicit_one_step_proof,,V-A001-13;V-A001-14,publication_proof_rewrite_required,uploads/topdown.txt
TM-A001-027,A001,58bbfe28ae6d95f64b5ce9ad905d579c698f94316bc0cbd3fa4d9e54f9b5f1c3,Example 4.1 (Hidden-mode conflict).,"Let an unobserved parameter satisfy $\theta \in \{-1,+1\}$, with $\dot z = \theta u$, $u \in \{-1,+1\}$, $z \ge 0$. At $z=0$: if $\theta=+1$ only $u=+1$ is safe; if $\theta=-1$ only $u=-1$ is safe. Both states are individually robustly viable, but $B = \{(0,+1),(0,-1)\}$ admits **no common safe action**, so $B \notin \operatorname{ERViab}$. This is a purely informational failure: no stochasticity or estimation quality is involved, and each state is individually robustly viable while the joint belief is not.",558,559,,,93,0,not_required_definition_or_example,,V-A001-13;V-A001-14,definition_or_nonproof_item,uploads/topdown.txt
TM-A001-028,A001,58bbfe28ae6d95f64b5ce9ad905d579c698f94316bc0cbd3fa4d9e54f9b5f1c3,Theorem 4.8 (Delayed-information obstruction).,"If every possible action at belief $B_0$ allows a disturbance and a compatible state to reach a locally nonviable boundary point before the next informative observation time $T_{\mathrm{obs}}$, then $B_0 \notin \operatorname{ERViab}$. A sufficient condition is the existence of $q$ and $\varepsilon > 0$ with $\inf_{x \in B_t} \inf_{d} D^+ q(x;f(x,u,d)) \le -\varepsilon$ throughout an uncertainty branch and $T_{\mathrm{obs}} > \frac{\inf_{x \in B_0} q(x)}{\varepsilon}$. Information may be accurate but arrive too late.",560,561,562,567,91,232,located,,V-A001-13;V-A001-14,source_proof_located_not_reverified,uploads/topdown.txt
TM-A001-029,A001,58bbfe28ae6d95f64b5ce9ad905d579c698f94316bc0cbd3fa4d9e54f9b5f1c3,Theorem 4.9 (Observer safety buffer).,"Let $Q = \{x : b_j(x) \ge 0\}$ with each $b_j \in C^1$, and let a nominal feedback $k$ satisfy, on active boundaries,",568,581,582,610,156,309,located,,V-A001-13;V-A001-14,source_proof_located_not_reverified,uploads/topdown.txt
TM-A001-030,A001,58bbfe28ae6d95f64b5ce9ad905d579c698f94316bc0cbd3fa4d9e54f9b5f1c3,Proposition 4.1 (Eroded kernels under output feedback).,"Suppose: (i) $K$ is robustly invariant under full-state feedback; (ii) the feedback has a strict inward margin on $\partial K$; and (iii) estimation and implementation errors are bounded by $\varepsilon$ in a compatible norm. Then, for sufficiently small $\varepsilon$, an eroded set $K^{-c\varepsilon}$ is invariant under output feedback for some sensitivity constant $c > 0$.",611,612,613,665,64,361,located,,V-A001-13;V-A001-14,source_proof_located_not_reverified,uploads/topdown.txt
TM-A001-031,A001,58bbfe28ae6d95f64b5ce9ad905d579c698f94316bc0cbd3fa4d9e54f9b5f1c3,Definition 5.1.,"For smooth $q_j$, define the safe-control correspondence",666,683,,,80,0,not_required_definition_or_example,,V-A001-13;V-A001-14,definition_or_nonproof_item,uploads/topdown.txt
TM-A001-032,A001,58bbfe28ae6d95f64b5ce9ad905d579c698f94316bc0cbd3fa4d9e54f9b5f1c3,Theorem 5.1.,"If $\mathcal R_{\mathcal V}(x) \neq \varnothing$ for all $x \in \mathcal V$, and the correspondence admits a measurable feedback selection, then $\mathcal V$ is robustly controlled invariant: $\mathcal V \subseteq \operatorname{RViab}(\mathcal V)$.",684,685,686,689,39,83,located,,V-A001-13;V-A001-14,source_proof_located_not_reverified,uploads/topdown.txt
TM-A001-033,A001,58bbfe28ae6d95f64b5ce9ad905d579c698f94316bc0cbd3fa4d9e54f9b5f1c3,Theorem 5.2.,"Suppose there is a constraint function $q$, constants $a, \varepsilon > 0$, and a strip $\mathcal S_a = \{x : 0 \leq q(x) \leq a\}$ such that",690,702,703,708,78,65,located,,V-A001-13;V-A001-14,source_proof_located_not_reverified,uploads/topdown.txt
TM-A001-034,A001,58bbfe28ae6d95f64b5ce9ad905d579c698f94316bc0cbd3fa4d9e54f9b5f1c3,Definition 5.2 (Viability crisis).,A parameter path $\lambda \mapsto P(\lambda)$ undergoes a *viability crisis* at $\lambda^*$ if $\operatorname{Viab}(\mathcal V; P(\lambda)) \neq \varnothing$ for $\lambda < \lambda^*$ and $= \varnothing$ for $\lambda > \lambda^*$. The map $\lambda \mapsto \operatorname{Viab}(\mathcal V; P(\lambda))$ is then discontinuous at $\lambda^*$ in the sense of set-valued (kernel) convergence.,709,764,,,476,0,not_required_definition_or_example,,V-A001-13;V-A001-14,definition_or_nonproof_item,uploads/topdown.txt
TM-A001-035,A001,58bbfe28ae6d95f64b5ce9ad905d579c698f94316bc0cbd3fa4d9e54f9b5f1c3,Proposition 6.2 (Quasi-positivity: orthant invariance).,"Under $g(0) = 0$, $h_{\max}(0) = 0$, $w \ge 0$, and $\delta(0) = 0$, the nonnegative orthant $\mathbb R_+^2$ is invariant for the resource–sink system: no admissible trajectory exits $\{S \ge 0, K \ge 0\}$.",765,766,767,772,44,80,located,V-A001-03,V-A001-13;V-A001-14,source_proof_located_not_reverified,uploads/topdown.txt
TM-A001-036,A001,58bbfe28ae6d95f64b5ce9ad905d579c698f94316bc0cbd3fa4d9e54f9b5f1c3,Theorem 6.1.,"Suppose the pointwise minimum control $\underline H(S) := \min U(S)$ is measurable. If $H_1(t) \leq H_2(t)$ for all $t$ (where both are admissible), and both trajectories start from $(S_0, K_0)$, then",773,788,789,820,84,366,located,V-A001-03,V-A001-13;V-A001-14,source_proof_located_not_reverified,uploads/topdown.txt
TM-A001-037,A001,58bbfe28ae6d95f64b5ce9ad905d579c698f94316bc0cbd3fa4d9e54f9b5f1c3,Theorem 6.2 (Unimodal resource–sink kernel).,Assume (U) and $H_{\min} > 0$. Then $\operatorname{Viab}(\mathcal V_{\mathrm{RS}}) = \varnothing$ unless:,821,851,852,865,162,266,located,V-A001-03,V-A001-13;V-A001-14,source_proof_located_not_reverified,uploads/topdown.txt
TM-A001-038,A001,58bbfe28ae6d95f64b5ce9ad905d579c698f94316bc0cbd3fa4d9e54f9b5f1c3,Corollary 6.1 (Constrained MSY).,Among constant-harvest equilibria in $\mathcal V_{\mathrm{RS}}$:,866,900,,,487,0,derivation_embedded_in_statement,V-A001-03,V-A001-13;V-A001-14,source_derivation_identified_manual_rewrite_required,uploads/topdown.txt
TM-A001-039,A001,58bbfe28ae6d95f64b5ce9ad905d579c698f94316bc0cbd3fa4d9e54f9b5f1c3,Theorem 6.3.,"Let $g(S) = R - aS$, $R > 0$, $a \geq 0$. Then $\operatorname{Viab}(\mathcal V_{\mathrm{RS}}) = \varnothing$ unless: (i) $H_{\min} \leq R - aS_{\min}$; (ii) $K^\dagger \leq K_{\max}$; (iii)–(iv) $S_\sharp, S_{\min} \leq (R - H_{\min})/a$ if $a > 0$. When satisfied:",901,908,909,918,67,273,located,V-A001-03,V-A001-13;V-A001-14,source_proof_located_not_reverified,uploads/topdown.txt
TM-A001-040,A001,58bbfe28ae6d95f64b5ce9ad905d579c698f94316bc0cbd3fa4d9e54f9b5f1c3,Theorem 6.4 (Allee shutdown kernel).,"Under (A), $H_{\min} = 0$, shutdown admissible:",919,932,933,938,75,279,located,V-A001-03,V-A001-13;V-A001-14,source_proof_located_not_reverified,uploads/topdown.txt
TM-A001-041,A001,58bbfe28ae6d95f64b5ce9ad905d579c698f94316bc0cbd3fa4d9e54f9b5f1c3,Theorem 6.5 (Allee kernel with output floor).,"Under (A), $0 < H_{\min} < H_*$: no point with $S \leq A$ is viable. The kernel is $[\max(S_{\min}, S_\sharp, S_-), \infty) \times [0, K_{\max}]$ where $S_\pm$ are the roots of $g = H_{\min}$ in $(A, C)$.",939,940,941,958,49,249,located,V-A001-03,V-A001-13;V-A001-14,source_proof_located_not_reverified,uploads/topdown.txt
TM-A001-042,A001,58bbfe28ae6d95f64b5ce9ad905d579c698f94316bc0cbd3fa4d9e54f9b5f1c3,Proposition 6.1 (Mass balance).,In the four-stock system:,959,966,967,987,26,154,located,V-A001-03,V-A001-13;V-A001-14,source_proof_located_not_reverified,uploads/topdown.txt
TM-A001-043,A001,58bbfe28ae6d95f64b5ce9ad905d579c698f94316bc0cbd3fa4d9e54f9b5f1c3,Theorem 6.6 (Pollution-suppressed growth).,,988,993,994,1061,160,756,located,V-A001-03;V-A001-04,V-A001-13;V-A001-14,source_proof_located_not_reverified,uploads/topdown.txt
TM-A001-044,A001,58bbfe28ae6d95f64b5ce9ad905d579c698f94316bc0cbd3fa4d9e54f9b5f1c3,Theorem 7.1 (Constant-harvest joint kernel).,"If $\mathcal K_{\mathrm{eco}}(h) \neq \varnothing$ and $c_{\min} \leq c_{\max}(h)$, then",1062,1082,1083,1086,115,97,located,V-A001-05,V-A001-13;V-A001-14,source_proof_located_not_reverified,uploads/topdown.txt
TM-A001-045,A001,58bbfe28ae6d95f64b5ce9ad905d579c698f94316bc0cbd3fa4d9e54f9b5f1c3,Lemma 7.1 (Scalar concave capital viability).,"Let $\Phi: \mathbb R_+ \to \mathbb R$ be continuous and concave. The system $\dot A = \Phi(A) - c$ with $c \geq c_{\min}$ and $A \geq 0$ has viability kernel $[A_-, \infty)$ where $A_- = \inf\{A \geq 0 : \Phi(A) \geq c_{\min}\}$, provided $\sup_A \Phi(A) \geq c_{\min}$. Otherwise the kernel is empty.",1087,1088,1089,1104,62,388,located,V-A001-05,V-A001-13;V-A001-14,source_proof_located_not_reverified,uploads/topdown.txt
TM-A001-046,A001,58bbfe28ae6d95f64b5ce9ad905d579c698f94316bc0cbd3fa4d9e54f9b5f1c3,Definition 7.1.,Define the maximal stationary sustainable consumption,1105,1118,,,63,0,not_required_definition_or_example,V-A001-05,V-A001-13;V-A001-14,definition_or_nonproof_item,uploads/topdown.txt
TM-A001-047,A001,58bbfe28ae6d95f64b5ce9ad905d579c698f94316bc0cbd3fa4d9e54f9b5f1c3,Theorem 7.2 (Stationary joint viability).,"A stationary sustainable state with $c \geq c_{\min}$ exists if and only if there are $h, S, A, K$ such that",1119,1134,1135,1140,78,96,located,V-A001-05,V-A001-13;V-A001-14,source_proof_located_not_reverified,uploads/topdown.txt
TM-A001-048,A001,58bbfe28ae6d95f64b5ce9ad905d579c698f94316bc0cbd3fa4d9e54f9b5f1c3,Theorem 7.3 (Distributional feasibility and physical side effects).,"Let $G$ be the set of groups with consumption floors $c_{\min,g}$, and let $C_{\min} = \sum_g c_{\min,g}$. Let $Y = (1 - \beta)H$ denote the output available for distribution, where $\beta \in [0, 1)$ is the fraction of harvest lost to non-consumption uses.",1141,1160,1161,1203,240,246,located,V-A001-05,V-A001-13;V-A001-14,source_proof_located_not_reverified,uploads/topdown.txt
TM-A001-049,A001,58bbfe28ae6d95f64b5ce9ad905d579c698f94316bc0cbd3fa4d9e54f9b5f1c3,Theorem 8.1.,"For fixed $R > 0$, let $c_{\max}(R) = \sup_{A \geq 0} [F(A, R) - \delta_A A]$. Then:",1204,1221,1222,1243,112,278,located,,V-A001-13;V-A001-14,source_proof_located_not_reverified,uploads/topdown.txt
TM-A001-050,A001,58bbfe28ae6d95f64b5ce9ad905d579c698f94316bc0cbd3fa4d9e54f9b5f1c3,Corollary 8.1 (Essentiality and unbounded-substitution thresholds).,"In the dimensionally correct CES specification, $\sigma = 1$ is the sharp threshold for two distinct properties:",1244,1249,1250,1261,116,499,located,,V-A001-13;V-A001-14,source_proof_located_not_reverified,uploads/topdown.txt
TM-A001-051,A001,58bbfe28ae6d95f64b5ce9ad905d579c698f94316bc0cbd3fa4d9e54f9b5f1c3,Theorem 9.1.,For $\dot S = -H(t)$ with $H(t) \geq 0$ and $S(0) = S_0$:,1262,1281,1282,1283,107,4,located,,V-A001-13;V-A001-14,source_proof_located_not_reverified,uploads/topdown.txt
TM-A001-052,A001,58bbfe28ae6d95f64b5ce9ad905d579c698f94316bc0cbd3fa4d9e54f9b5f1c3,Corollary 9.1.,"Strong sustainability (permanent $S \geq S_{\min} > 0$) under an exhaustible resource requires $\int_0^\infty H(s)\, ds \leq S_0 - S_{\min}$. If $S_{\min} > 0$, this bounds total cumulative extraction. The Hartwick rule maintains weak sustainability (constant consumption) but not strong sustainability.",1284,1299,,,94,0,immediate_from_direct_integration,V-A001-05,V-A001-13;V-A001-14,source_derivation_identified_manual_rewrite_optional,uploads/topdown.txt
TM-A001-053,A001,58bbfe28ae6d95f64b5ce9ad905d579c698f94316bc0cbd3fa4d9e54f9b5f1c3,Theorem 10.1.,The viability kernel of $\Omega$ under the minimal-harvest field is an upper set:,1300,1309,1310,1317,37,125,located,,V-A001-13;V-A001-14,source_proof_located_not_reverified,uploads/topdown.txt
TM-A001-054,A001,58bbfe28ae6d95f64b5ce9ad905d579c698f94316bc0cbd3fa4d9e54f9b5f1c3,Theorem 10.2.,For the planar two-patch logistic system with $d > 0$:,1318,1325,1326,1333,29,271,located,,V-A001-13;V-A001-14,source_proof_located_not_reverified,uploads/topdown.txt
TM-A001-055,A001,58bbfe28ae6d95f64b5ce9ad905d579c698f94316bc0cbd3fa4d9e54f9b5f1c3,Counterexample 10.1 (Emptiness despite factorwise viability at MSY).,"Take $d > 0$, $C_1 \neq C_2$, $H_{\min,i} = r_i C_i / 4$ (MSY level). Each isolated system has kernel $[C_i/2, \infty) \times [0, K_{\max,i}]$.",1334,1343,,,242,0,not_required_definition_or_example,,V-A001-13;V-A001-14,definition_or_nonproof_item,uploads/topdown.txt
TM-A001-056,A001,58bbfe28ae6d95f64b5ce9ad905d579c698f94316bc0cbd3fa4d9e54f9b5f1c3,Example 10.1 (Coupling creates viability absent in a factor).,"Take $g_i(s) = s(1-s)$, $d = 0.2$. Choose $(S_1^*, S_2^*) = (0.5, 0.8)$. Define harvest floors by the equilibrium equations:",1344,1361,,,171,0,not_required_definition_or_example,,V-A001-13;V-A001-14,definition_or_nonproof_item,uploads/topdown.txt
TM-A001-057,A001,58bbfe28ae6d95f64b5ce9ad905d579c698f94316bc0cbd3fa4d9e54f9b5f1c3,Proposition 10.1 (Generic non-polyhedrality).,"For an open dense set of logistic parameters satisfying transversality and nondegeneracy conditions, the interior viability barrier has nonzero curvature and hence is not polyhedral.",1362,1363,1364,1379,30,340,located,V-A001-06,V-A001-13;V-A001-14,source_proof_located_not_reverified,uploads/topdown.txt
TM-A001-058,A001,58bbfe28ae6d95f64b5ce9ad905d579c698f94316bc0cbd3fa4d9e54f9b5f1c3,Example 10.2 (Identical-patch orbital barrier; explicit).,"Take two identical Schaefer patches $g(s) = s(1-s)$ (so $r = C = 1$), harvest floor $H_{\min} = 0.15 < H_* = 0.25$, floor level $a = 0.1$, and diffusion $d = 0.2$. The roots of $g(S) = H_{\min}$ are $S_- = \tfrac12(1 - \sqrt{0.4}) \approx 0.1838$ and $S_+ = \tfrac12(1 + \sqrt{0.4}) \approx 0.8162$. The corner Nagumo condition (Theorem 10.4) fails, since $\varphi(a) = a(1-a) - H_{\min} = -0.06 < 0$. The tangency height on the face $\{S_1 = a\}$ is $s^* = a - \varphi(a)/d = 0.1 + 0.3 = 0.4$, giving the two tangency points $(0.1, 0.4)$ and $(0.4, 0.1)$; at $(0.1, 0.4)$ the field is $f = \bigl(0,\; \varphi(0.4) + d(0.1 - 0.4)\bigr) = (0, 0.03)$, vertical and upward. The diagonal equilibrium $(S_+, S_+) \in \Omega$ exists, so by Theorem 10.2 the kernel is nonempty. It is the proper unbounded upper set",1380,1397,,,386,0,not_required_definition_or_example,V-A001-02,V-A001-13;V-A001-14,definition_or_nonproof_item,uploads/topdown.txt
TM-A001-059,A001,58bbfe28ae6d95f64b5ce9ad905d579c698f94316bc0cbd3fa4d9e54f9b5f1c3,Theorem 10.3.,"For $d > 0$ and logistic growth, define $b_i = r_i / C_i$ and $Q_i(s) = b_i s^2 + (d - r_i)s + H_{\min,i}$. Then $S = (S_1, S_2) \in \Omega$ is an equilibrium of $f_{\min}$ iff $S_2 = Q_1(S_1)/d$ and $S_1$ is a real root of the quartic",1398,1405,1406,1409,101,35,located,,V-A001-13;V-A001-14,source_proof_located_not_reverified,uploads/topdown.txt
TM-A001-060,A001,58bbfe28ae6d95f64b5ce9ad905d579c698f94316bc0cbd3fa4d9e54f9b5f1c3,Theorem 10.4.,$\Omega$ is invariant under $f_{\min}$ iff the corner Nagumo condition holds:,1410,1419,1420,1433,48,158,located,,V-A001-13;V-A001-14,source_proof_located_not_reverified,uploads/topdown.txt
TM-A001-061,A001,58bbfe28ae6d95f64b5ce9ad905d579c698f94316bc0cbd3fa4d9e54f9b5f1c3,Theorem 11.1.,"For finite $V$, monotone loads, irreversible failures: the cascade terminates in at most $\",1434,1435,1436,1439,20,19,located,,V-A001-13;V-A001-14,source_proof_located_not_reverified,uploads/topdown.txt
TM-A001-062,A001,58bbfe28ae6d95f64b5ce9ad905d579c698f94316bc0cbd3fa4d9e54f9b5f1c3,Theorem 11.2 ($k$-redundancy).,If every node is $k$-redundant and $\,1440,1441,1442,1443,18,22,located,,V-A001-13;V-A001-14,source_proof_located_not_reverified,uploads/topdown.txt
TM-A001-063,A001,58bbfe28ae6d95f64b5ce9ad905d579c698f94316bc0cbd3fa4d9e54f9b5f1c3,Theorem 11.3 (Row-sum containment).,If $\\,1444,1445,1446,1449,22,35,located,,V-A001-13;V-A001-14,source_proof_located_not_reverified,uploads/topdown.txt
TM-A001-064,A001,58bbfe28ae6d95f64b5ce9ad905d579c698f94316bc0cbd3fa4d9e54f9b5f1c3,Theorem 11.4.,There is no finite uniform bound on $\,1450,1451,1452,1457,21,111,located,,V-A001-13;V-A001-14,source_proof_located_not_reverified,uploads/topdown.txt
TM-A001-065,A001,58bbfe28ae6d95f64b5ce9ad905d579c698f94316bc0cbd3fa4d9e54f9b5f1c3,Theorem 11.5 (Dynamic cascade safety).,"Suppose dynamic loads have the form $L_i(x_c, F)$, where $x_c$ is the continuous state. Assume:",1458,1471,1472,1481,84,143,located,,V-A001-13;V-A001-14,source_proof_located_not_reverified,uploads/topdown.txt
TM-A001-066,A001,58bbfe28ae6d95f64b5ce9ad905d579c698f94316bc0cbd3fa4d9e54f9b5f1c3,Definition 12.1.,"$n$ agents choose $h_i \in [0, h_i^{\max}]$, $H = \sum_i h_i$, with payoff",1482,1489,,,37,0,not_required_definition_or_example,,V-A001-13;V-A001-14,definition_or_nonproof_item,uploads/topdown.txt
TM-A001-067,A001,58bbfe28ae6d95f64b5ce9ad905d579c698f94316bc0cbd3fa4d9e54f9b5f1c3,Lemma 12.1.,"If the payoff functions satisfy Rosen's diagonal strict concavity condition (Rosen, 1965, Theorem 2), the game has a unique Nash equilibrium. For the specific payoff structure of Definition 12.1, this condition holds when $\pi_i''(h_i) < 0$ and $d_i''(H) \geq 0$ for all $i$.",1490,1491,1492,1512,48,282,located,V-A001-07,V-A001-13;V-A001-14,source_proof_located_not_reverified,uploads/topdown.txt
TM-A001-068,A001,58bbfe28ae6d95f64b5ce9ad905d579c698f94316bc0cbd3fa4d9e54f9b5f1c3,Theorem 12.1 (Over-extraction).,Let $H^{\mathrm{Nash}}$ denote the Nash equilibrium aggregate harvest and $H^{\mathrm{soc}}$ the social optimum. Then,1513,1522,1523,1558,122,579,located,,V-A001-13;V-A001-14,source_proof_located_not_reverified,uploads/topdown.txt
TM-A001-069,A001,58bbfe28ae6d95f64b5ce9ad905d579c698f94316bc0cbd3fa4d9e54f9b5f1c3,Theorem 12.2 (Commons obstruction).,"If $H^{\mathrm{Nash}} > H_{\mathrm{safe}}$ at every state in $\mathcal V_{\mathrm{RS}}$, then $\operatorname{Viab}(\mathcal V_{\mathrm{RS}}) = \varnothing$ under non-cooperative play.",1559,1560,1561,1566,31,197,located,,V-A001-13;V-A001-14,source_proof_located_not_reverified,uploads/topdown.txt
TM-A001-070,A001,58bbfe28ae6d95f64b5ce9ad905d579c698f94316bc0cbd3fa4d9e54f9b5f1c3,Corollary 12.1 (Quota rescue).,"Quotas $h_i^{\mathrm{quota}}$ with $\sum_i h_i^{\mathrm{quota}} \leq H_{\min}$, enforced by sanctions satisfying $\gamma > \max_i \pi_i'(h_i^{\mathrm{quota}})$, restore viability.",1567,1568,1569,1596,29,136,located,V-A001-09,V-A001-13;V-A001-14,source_proof_located_not_reverified,uploads/topdown.txt
TM-A001-071,A001,58bbfe28ae6d95f64b5ce9ad905d579c698f94316bc0cbd3fa4d9e54f9b5f1c3,Theorem 13.1.,"If two institutions induce the same belief dynamics, effective control correspondence, allocation correspondence, and physical actuator map, then they have the same viability kernel.",1597,1598,1599,1602,27,79,located,,V-A001-13;V-A001-14,source_proof_located_not_reverified,uploads/topdown.txt
TM-A001-072,A001,58bbfe28ae6d95f64b5ce9ad905d579c698f94316bc0cbd3fa4d9e54f9b5f1c3,Definition 13.3 (Institutionally robust safe prescription).,A prescribed action $u \in \Gamma(B)$ is institutionally robustly safe for $Q$ if,1603,1610,,,53,0,not_required_definition_or_example,,V-A001-13;V-A001-14,definition_or_nonproof_item,uploads/topdown.txt
TM-A001-073,A001,58bbfe28ae6d95f64b5ce9ad905d579c698f94316bc0cbd3fa4d9e54f9b5f1c3,Theorem 13.2.,"Let $Q \subseteq \mathcal V$ be closed. For every reachable information set $B$ intersecting $Q$, suppose",1611,1625,1626,1629,51,69,located,,V-A001-13;V-A001-14,source_proof_located_not_reverified,uploads/topdown.txt
TM-A001-074,A001,58bbfe28ae6d95f64b5ce9ad905d579c698f94316bc0cbd3fa4d9e54f9b5f1c3,Theorem 13.3 (Sanction sufficiency).,Let quota be $q_i = h_i^{\mathrm{quota}}$. Let sanction cost $C_i(h_i)$ satisfy $C_i'(h_i) = 0$ for $h_i \leq q_i$ and $C_i'(h_i) \geq \gamma$ for $h_i > q_i$. If,1630,1637,1638,1672,56,316,located,,V-A001-13;V-A001-14,source_proof_located_not_reverified,uploads/topdown.txt
TM-A001-075,A001,58bbfe28ae6d95f64b5ce9ad905d579c698f94316bc0cbd3fa4d9e54f9b5f1c3,Theorem 13.5 (Ostrom sufficiency).,"If all eight translations hold and the Theorem 6.2 conditions are satisfied, then $\operatorname{Viab}(\mathcal V_{\mathrm{str}}; U_{\mathrm{inst}}, \pi_{\mathrm{coop}}) \neq \varnothing$.",1673,1674,1675,1686,33,348,located,V-A001-11,V-A001-13;V-A001-14,source_proof_located_not_reverified,uploads/topdown.txt
TM-A001-076,A001,58bbfe28ae6d95f64b5ce9ad905d579c698f94316bc0cbd3fa4d9e54f9b5f1c3,Theorem 13.6 (Ostrom obstruction: each principle can be necessary).,"For each $k = 1, \ldots, 8$ there is a configuration satisfying all $\mathcal T(j)$ for $j \neq k$ and the Theorem 6.2 conditions, yet with empty kernel because $\mathcal T(k)$ is violated.",1687,1688,1689,1712,45,541,located,V-A001-11,V-A001-13;V-A001-14,source_proof_located_not_reverified,uploads/topdown.txt
TM-A001-077,A001,58bbfe28ae6d95f64b5ce9ad905d579c698f94316bc0cbd3fa4d9e54f9b5f1c3,Definition 13.1 (Constructors).,"A *constructor* is a map on the data $(X, U, F, \mathcal I, \pi)$ that changes exactly one named component and introduces no new state space. The following are the primitive constructors:",1713,1722,,,137,0,not_required_definition_or_example,,V-A001-13;V-A001-14,definition_or_nonproof_item,uploads/topdown.txt
TM-A001-078,A001,58bbfe28ae6d95f64b5ce9ad905d579c698f94316bc0cbd3fa4d9e54f9b5f1c3,Definition 13.2 (Implementation lattices).,,1723,1729,,,43,0,not_required_definition_or_example,V-A001-12,V-A001-13;V-A001-14,definition_or_nonproof_item,uploads/topdown.txt
TM-A001-079,A001,58bbfe28ae6d95f64b5ce9ad905d579c698f94316bc0cbd3fa4d9e54f9b5f1c3,Proposition 13.1 (Lattice structure).,"Both $\operatorname{Inst}$ and $\operatorname{InvLat}$ are downward closed under inclusion: if $U'' \subseteq U'$ and $U''$ still contains a viable (resp. invariant-generating) selection, then $U''$ remains in the lattice. Moreover $\operatorname{InvLat} \subseteq \operatorname{Inst}$.",1730,1731,1732,1735,41,99,located,V-A001-12,V-A001-13;V-A001-14,source_proof_located_not_reverified,uploads/topdown.txt
TM-A001-080,A001,58bbfe28ae6d95f64b5ce9ad905d579c698f94316bc0cbd3fa4d9e54f9b5f1c3,Theorem 13.4 (Invariance under irrelevant structure).,"Let a proposed additional structure induce no change in $X$, $U$, $F$, $\mathcal V$, $\mathcal I$, or $\pi$. Then it does not change $\operatorname{Viab}(\mathcal V)$.",1736,1737,1738,1739,34,31,located,,V-A001-13;V-A001-14,source_proof_located_not_reverified,uploads/topdown.txt
TM-A001-081,A001,58bbfe28ae6d95f64b5ce9ad905d579c698f94316bc0cbd3fa4d9e54f9b5f1c3,"Corollary 13.1 (Management vocabularies are rewrites, not theorems).",The following common instruments are each a word in the constructor algebra and introduce no new mathematical content beyond the constructor they reduce to: a total allowable catch is Cap; a harvest control rule is Obs; a landing subsidy is Tax$(-\sigma)$; unreported harvest is Leak; a closed season is a periodic Cap$(\cdot)$; an open-access rent dynamic is a restriction of the effort law entering $F$.,1740,1741,1742,1751,76,273,located,,V-A001-13;V-A001-14,source_proof_located_not_reverified,uploads/topdown.txt
TM-A001-082,A001,58bbfe28ae6d95f64b5ce9ad905d579c698f94316bc0cbd3fa4d9e54f9b5f1c3,Definition 14.1.,"A generation structure is a sequence $0 = t_0 < t_1 < \cdots \to \infty$ with closed sets $\mathcal V^{(k)}$. Intergenerational viability: $x(t) \in \mathcal V^{(k)}$ for $t \in [t_k, t_{k+1})$.",1752,1753,,,36,0,not_required_definition_or_example,,V-A001-13;V-A001-14,definition_or_nonproof_item,uploads/topdown.txt
TM-A001-083,A001,58bbfe28ae6d95f64b5ce9ad905d579c698f94316bc0cbd3fa4d9e54f9b5f1c3,Theorem 14.1.,If $\mathcal V^{(k)} = \mathcal V$ for all $k$: intergenerational viability equals ordinary viability.,1754,1757,,,23,0,immediate_from_definition,,V-A001-13;V-A001-14,source_derivation_identified_manual_rewrite_optional,uploads/topdown.txt
TM-A001-084,A001,58bbfe28ae6d95f64b5ce9ad905d579c698f94316bc0cbd3fa4d9e54f9b5f1c3,Theorem 14.2.,Assume the trajectory $x(\cdot)$ is confined to a compact set $\mathcal K$ (verified per instance via dissipativity). If $\mathcal V^{(k+1)} \subseteq \mathcal V^{(k)}$ and $\bigcap_k \mathcal V^{(k)} = \varnothing$: no intergenerationally viable path exists.,1758,1759,1760,1765,41,99,located,,V-A001-13;V-A001-14,source_proof_located_not_reverified,uploads/topdown.txt
TM-A001-085,A001,58bbfe28ae6d95f64b5ce9ad905d579c698f94316bc0cbd3fa4d9e54f9b5f1c3,Theorem 14.3 (Discounting can prefer an exiting pulse over a positive viable path).,"Let $x^{\mathrm{stay}}$ be a viable path with constant positive consumption $c_v > 0$. Suppose there exists an admissible exiting pulse yielding constant consumption $C > c_v$ over a duration $T > 0$, after which the trajectory exits the constraint set. With linear welfare and discount rate $\rho > 0$, the discounted welfare of the exiting path exceeds that of the viable path whenever",1766,1771,1772,1795,86,112,located,V-A001-05,V-A001-13;V-A001-14,source_proof_located_not_reverified,uploads/topdown.txt
TM-A001-086,A001,58bbfe28ae6d95f64b5ce9ad905d579c698f94316bc0cbd3fa4d9e54f9b5f1c3,Definition 15.1.,Define,1796,1812,,,90,0,not_required_definition_or_example,,V-A001-13;V-A001-14,definition_or_nonproof_item,uploads/topdown.txt
TM-A001-087,A001,58bbfe28ae6d95f64b5ce9ad905d579c698f94316bc0cbd3fa4d9e54f9b5f1c3,Definition 15.2.,"Given running intervention cost $\ell(x, u)$, define",1813,1832,,,83,0,not_required_definition_or_example,,V-A001-13;V-A001-14,definition_or_nonproof_item,uploads/topdown.txt
TM-A001-088,A001,58bbfe28ae6d95f64b5ce9ad905d579c698f94316bc0cbd3fa4d9e54f9b5f1c3,Theorem 16.1 (Compositional viability).,Suppose each subsystem has an input tolerance $\bar z_i$ such that $\\,1833,1842,1843,1852,52,131,located,,V-A001-13;V-A001-14,source_proof_located_not_reverified,uploads/topdown.txt
TM-A001-089,A001,58bbfe28ae6d95f64b5ce9ad905d579c698f94316bc0cbd3fa4d9e54f9b5f1c3,Definition 17.1: $p$-viability kernel.,,1853,1866,,,34,0,not_required_definition_or_example,,V-A001-13;V-A001-14,definition_or_nonproof_item,uploads/topdown.txt
TM-A001-090,A001,58bbfe28ae6d95f64b5ce9ad905d579c698f94316bc0cbd3fa4d9e54f9b5f1c3,Definition 17.2: Expected-lifetime value.,Let $\tau_{\mathcal V} = \inf\{t \geq 0 : X_t \notin \mathcal V\}$. Define $L(x) = \sup_\pi \mathbb E_x^\pi[\tau_{\mathcal V}]$.,1867,1868,,,28,0,not_required_definition_or_example,,V-A001-13;V-A001-14,definition_or_nonproof_item,uploads/topdown.txt
TM-A001-091,A001,58bbfe28ae6d95f64b5ce9ad905d579c698f94316bc0cbd3fa4d9e54f9b5f1c3,Theorem 17.1 (Finite-horizon small-noise viability).,"Consider the deterministic system $\dot x = f(x)$ under a viable feedback, and the stochastic perturbation $dX_t^\varepsilon = f(X_t^\varepsilon)\, dt + \varepsilon \Sigma(X_t^\varepsilon)\, dW_t$. Let $K_0$ be a compact subset of the kernel interior, and suppose deterministic trajectories from $K_0$ remain at distance at least $2\delta$ from $\partial \mathcal V$ on $[0, T]$. Assume $f$ is Lipschitz and $\Sigma$ is bounded on a neighborhood of these trajectories.",1869,1883,1884,1901,105,155,located,,V-A001-13;V-A001-14,source_proof_located_not_reverified,uploads/topdown.txt
TM-A001-092,A001,58bbfe28ae6d95f64b5ce9ad905d579c698f94316bc0cbd3fa4d9e54f9b5f1c3,Conjecture 17.1 (Competitive OLG).,"In a standard OLG economy whose resource block satisfies Theorem 6.2, competitive equilibrium without a harvest floor leaves $\mathcal V_{\mathrm{str}}$ whenever $S_{\mathrm{bio}} < S_{\min}$.",1902,1914,,,382,0,not_required_definition_or_example,,V-A001-13;V-A001-14,definition_or_nonproof_item,uploads/topdown.txt
TM-A001-093,A001,58bbfe28ae6d95f64b5ce9ad905d579c698f94316bc0cbd3fa4d9e54f9b5f1c3,Conjecture 17.2 (Stochastic survival: finite horizon only).,"For small-noise resource–sink systems, the probability of remaining in a *shrunken* constraint set is governed entirely by the horizon: it tends to one over any finite $T$ from compact interior data (Theorem 17.1), and tends to zero as $T \to \infty$ for any fixed positive noise, by absorption. There is no infinite-horizon analogue with positive survival probability under nondegenerate noise.",1915,1918,,,118,0,not_required_definition_or_example,,V-A001-13;V-A001-14,definition_or_nonproof_item,uploads/topdown.txt
TM-A001-094,A001,58bbfe28ae6d95f64b5ce9ad905d579c698f94316bc0cbd3fa4d9e54f9b5f1c3,Conjecture 17.3 (Adaptive management beyond high gain).,"Under persistent excitation and possibly non-globally-Lipschitz dynamics, an adaptive observer can recover unknown parameters sufficiently to implement the Theorem 6.2 feedback after finite time.",1919,1939,,,148,0,not_required_definition_or_example,,V-A001-13;V-A001-14,definition_or_nonproof_item,uploads/topdown.txt
TM-A001-095,A001,58bbfe28ae6d95f64b5ce9ad905d579c698f94316bc0cbd3fa4d9e54f9b5f1c3,Open Problem 18.1.,The viability kernel of the fully coupled hybrid system outside the protection set of Theorem 11.5 is not computed.,1940,1941,,,24,0,not_required_definition_or_example,,V-A001-13;V-A001-14,definition_or_nonproof_item,uploads/topdown.txt
TM-A001-096,A001,58bbfe28ae6d95f64b5ce9ad905d579c698f94316bc0cbd3fa4d9e54f9b5f1c3,Open Problem 18.2.,Conditions under which the binary-sensor observation model is a threshold discretization of the continuous observation model.,1942,1943,,,20,0,not_required_definition_or_example,,V-A001-13;V-A001-14,definition_or_nonproof_item,uploads/topdown.txt
TM-A001-097,A001,58bbfe28ae6d95f64b5ce9ad905d579c698f94316bc0cbd3fa4d9e54f9b5f1c3,Conjecture 18.1 ($n$-patch super-equilibrium equivalence).,"For $n$ coupled patches with *cooperative* diffusion, the kernel is nonempty iff the minimal-harvest field has a super-equilibrium $f_{\min}(x) \ge 0$ in $\Omega$, which in turn is equivalent (for type-(U) patches with product controls) to the existence of an equilibrium in $\Omega$. The equivalence holds for cooperative transport; it fails in general for competitive or predator–prey couplings, where super-equilibria need not exist and equilibrium-in-$\Omega$ is not a viability certificate (an unstable focus can sit in $\Omega$ with a cycle that leaves it).",1944,1947,,,146,0,not_required_definition_or_example,,V-A001-13;V-A001-14,definition_or_nonproof_item,uploads/topdown.txt
TM-A001-098,A001,58bbfe28ae6d95f64b5ce9ad905d579c698f94316bc0cbd3fa4d9e54f9b5f1c3,Conjecture 18.2 (Multi-resource Hartwick).,"For $m$ resources with pairwise CES elasticities, strong plus weak sustainability is jointly achievable iff the effective elasticity satisfies an appropriate threshold condition.",1948,1951,,,45,0,not_required_definition_or_example,,V-A001-13;V-A001-14,definition_or_nonproof_item,uploads/topdown.txt
TM-A001-099,A001,58bbfe28ae6d95f64b5ce9ad905d579c698f94316bc0cbd3fa4d9e54f9b5f1c3,Conjecture 18.3 (Ostrom individual necessity).,The eight Ostrom mechanisms are jointly sufficient for viability when physical conditions hold (Theorem 13.2). The open question is whether each is individually necessary.,1952,2038,,,623,0,not_required_definition_or_example,V-A001-11,V-A001-13;V-A001-14,definition_or_nonproof_item,uploads/topdown.txt
TM-A002-001,A002,e5c8b57ae47d5f24a2e3be0e80ce28ebbcebc2125d4a066115d2de13dbc5efc9,Definition,Type system and physical state,77,83,,,62,0,not_required_definition_or_programme,V-A002-03,V-A002-01;V-A002-18,definition_or_nonproof_item,uploads/general_theory.txt
TM-A002-002,A002,e5c8b57ae47d5f24a2e3be0e80ce28ebbcebc2125d4a066115d2de13dbc5efc9,Definition,Hybrid specialization data,109,111,,,107,0,not_required_definition_or_programme,V-A002-03,V-A002-01;V-A002-18,definition_or_nonproof_item,uploads/general_theory.txt
TM-A002-003,A002,e5c8b57ae47d5f24a2e3be0e80ce28ebbcebc2125d4a066115d2de13dbc5efc9,Definition,Canonical system,113,123,,,142,0,not_required_definition_or_programme,V-A002-03,V-A002-01;V-A002-18,definition_or_nonproof_item,uploads/general_theory.txt
TM-A002-004,A002,e5c8b57ae47d5f24a2e3be0e80ce28ebbcebc2125d4a066115d2de13dbc5efc9,Definition,Four uncertainty levels,127,129,,,70,0,not_required_definition_or_programme,V-A002-03,V-A002-01;V-A002-18,definition_or_nonproof_item,uploads/general_theory.txt
TM-A002-005,A002,e5c8b57ae47d5f24a2e3be0e80ce28ebbcebc2125d4a066115d2de13dbc5efc9,Definition,Diagnostic types,170,180,,,115,0,not_required_definition_or_programme,V-A002-03,V-A002-01;V-A002-18,definition_or_nonproof_item,uploads/general_theory.txt
TM-A002-006,A002,e5c8b57ae47d5f24a2e3be0e80ce28ebbcebc2125d4a066115d2de13dbc5efc9,Definition,Threshold and intergenerational types,182,186,,,120,0,not_required_definition_or_programme,V-A002-03,V-A002-01;V-A002-18,definition_or_nonproof_item,uploads/general_theory.txt
TM-A002-007,A002,e5c8b57ae47d5f24a2e3be0e80ce28ebbcebc2125d4a066115d2de13dbc5efc9,Proposition,Domain-qualified non-compensation,192,199,201,219,87,171,located,V-A002-03,V-A002-01;V-A002-18,mathematically_audited_accept_with_recorded_scope,uploads/general_theory.txt
TM-A002-008,A002,e5c8b57ae47d5f24a2e3be0e80ce28ebbcebc2125d4a066115d2de13dbc5efc9,Theorem,Typed hybrid conservation,227,241,243,263,103,204,located,V-A002-03;V-A002-02;V-A002-04,V-A002-01;V-A002-18,mathematically_audited_accept_with_recorded_scope,uploads/general_theory.txt
TM-A002-010,A002,e5c8b57ae47d5f24a2e3be0e80ce28ebbcebc2125d4a066115d2de13dbc5efc9,Corollary,Closed positive-moiety bound,269,274,276,291,73,73,located,V-A002-03;V-A002-02;V-A002-04,V-A002-01;V-A002-18,mathematically_audited_accept_with_recorded_scope,uploads/general_theory.txt
TM-A002-011,A002,e5c8b57ae47d5f24a2e3be0e80ce28ebbcebc2125d4a066115d2de13dbc5efc9,Theorem,"Non-negative invariance for ordinary, hybrid, and RFDE modes",295,317,319,347,199,244,located,V-A002-03;V-A002-02;V-A002-04,V-A002-01;V-A002-18,mathematically_audited_accept_with_recorded_scope,uploads/general_theory.txt
TM-A002-012,A002,e5c8b57ae47d5f24a2e3be0e80ce28ebbcebc2125d4a066115d2de13dbc5efc9,Corollary,Donor limitation is sufficient,349,351,353,359,49,105,located,V-A002-03;V-A002-02;V-A002-04,V-A002-01;V-A002-18,mathematically_audited_accept_with_recorded_scope,uploads/general_theory.txt
TM-A002-013,A002,e5c8b57ae47d5f24a2e3be0e80ce28ebbcebc2125d4a066115d2de13dbc5efc9,Conditional theorem,Bounded-input bounded-state criterion,363,378,380,402,145,180,located,V-A002-03;V-A002-02;V-A002-04,V-A002-01;V-A002-18,mathematically_audited_accept_with_recorded_scope,uploads/general_theory.txt
TM-A002-014,A002,e5c8b57ae47d5f24a2e3be0e80ce28ebbcebc2125d4a066115d2de13dbc5efc9,Definition,Support provenance and directional support gap,415,422,,,131,0,not_required_definition_or_programme,V-A002-03;V-A002-05,V-A002-01;V-A002-18,definition_or_nonproof_item,uploads/general_theory.txt
TM-A002-015,A002,e5c8b57ae47d5f24a2e3be0e80ce28ebbcebc2125d4a066115d2de13dbc5efc9,Theorem,Linear substitution alternative,428,442,444,480,101,286,located,V-A002-03;V-A002-05,V-A002-01;V-A002-18,mathematically_audited_accept_with_recorded_scope,uploads/general_theory.txt
TM-A002-017,A002,e5c8b57ae47d5f24a2e3be0e80ce28ebbcebc2125d4a066115d2de13dbc5efc9,Definition,Exact safety certifier,492,498,,,63,0,not_required_definition_or_programme,V-A002-03;V-A002-06;V-A002-07;V-A002-08;V-A002-11;V-A002-12,V-A002-01;V-A002-18,definition_or_nonproof_item,uploads/general_theory.txt
TM-A002-018,A002,e5c8b57ae47d5f24a2e3be0e80ce28ebbcebc2125d4a066115d2de13dbc5efc9,Theorem,Observation-fibre criterion,500,510,512,533,58,217,located,V-A002-03;V-A002-06;V-A002-07;V-A002-08;V-A002-11;V-A002-12,V-A002-01;V-A002-18,mathematically_audited_accept_with_recorded_scope,uploads/general_theory.txt
TM-A002-019,A002,e5c8b57ae47d5f24a2e3be0e80ce28ebbcebc2125d4a066115d2de13dbc5efc9,Corollary,Safety-crossing fibres,537,542,544,552,57,146,located,V-A002-03;V-A002-06;V-A002-07;V-A002-08;V-A002-11;V-A002-12,V-A002-01;V-A002-18,mathematically_audited_accept_with_recorded_scope,uploads/general_theory.txt
TM-A002-020,A002,e5c8b57ae47d5f24a2e3be0e80ce28ebbcebc2125d4a066115d2de13dbc5efc9,Definition,Three policy questions,562,576,,,125,0,not_required_definition_or_programme,V-A002-03;V-A002-09;V-A002-10;V-A002-11;V-A002-12;V-A002-13,V-A002-01;V-A002-18,definition_or_nonproof_item,uploads/general_theory.txt
TM-A002-021,A002,e5c8b57ae47d5f24a2e3be0e80ce28ebbcebc2125d4a066115d2de13dbc5efc9,Definition,"Capture basin, recoverability, and relative irreversibility",580,591,,,143,0,not_required_definition_or_programme,V-A002-03,V-A002-01;V-A002-18,definition_or_nonproof_item,uploads/general_theory.txt
TM-A002-022,A002,e5c8b57ae47d5f24a2e3be0e80ce28ebbcebc2125d4a066115d2de13dbc5efc9,Theorem,Sampled robust-viability kernel,616,629,631,661,113,488,located,V-A002-03;V-A002-09;V-A002-10;V-A002-11;V-A002-12;V-A002-13,V-A002-01;V-A002-18,mathematically_audited_accept_with_recorded_scope,uploads/general_theory.txt
TM-A002-023,A002,e5c8b57ae47d5f24a2e3be0e80ce28ebbcebc2125d4a066115d2de13dbc5efc9,Corollary,Monotonicity under policy-set expansion,665,670,672,682,32,111,located,V-A002-03;V-A002-09;V-A002-10;V-A002-11;V-A002-12;V-A002-13,V-A002-01;V-A002-18,mathematically_audited_accept_with_recorded_scope,uploads/general_theory.txt
TM-A002-024,A002,e5c8b57ae47d5f24a2e3be0e80ce28ebbcebc2125d4a066115d2de13dbc5efc9,Theorem,Finite-clopen observation knowledge kernel,719,738,740,776,194,902,located,V-A002-03;V-A002-09;V-A002-10;V-A002-11;V-A002-12;V-A002-13,V-A002-01;V-A002-18,mathematically_audited_accept_with_recorded_scope,uploads/general_theory.txt
TM-A002-025,A002,e5c8b57ae47d5f24a2e3be0e80ce28ebbcebc2125d4a066115d2de13dbc5efc9,Definition,Held-control tube predecessor,802,818,,,170,0,not_required_definition_or_programme,V-A002-03;V-A002-09;V-A002-10;V-A002-11;V-A002-12;V-A002-13,V-A002-01;V-A002-18,definition_or_nonproof_item,uploads/general_theory.txt
TM-A002-026,A002,e5c8b57ae47d5f24a2e3be0e80ce28ebbcebc2125d4a066115d2de13dbc5efc9,Theorem,Inter-sample-safe sampled kernel,820,834,836,868,166,514,located,V-A002-03;V-A002-09;V-A002-10;V-A002-11;V-A002-12;V-A002-13,V-A002-01;V-A002-18,mathematically_audited_accept_with_recorded_scope,uploads/general_theory.txt
TM-A002-027,A002,e5c8b57ae47d5f24a2e3be0e80ce28ebbcebc2125d4a066115d2de13dbc5efc9,Theorem,Finite-clopen inter-sample-safe knowledge kernel,911,947,949,1056,253,926,located,V-A002-03;V-A002-09;V-A002-10;V-A002-11;V-A002-12;V-A002-13,V-A002-01;V-A002-18,mathematically_audited_accept_with_recorded_scope,uploads/general_theory.txt
TM-A002-028,A002,e5c8b57ae47d5f24a2e3be0e80ce28ebbcebc2125d4a066115d2de13dbc5efc9,Theorem,Sampled RFDE finite-clopen knowledge kernel,1152,1177,1179,1287,174,903,located,V-A002-03;V-A002-09;V-A002-10;V-A002-11;V-A002-12;V-A002-13,V-A002-01;V-A002-18,mathematically_audited_accept_with_recorded_scope,uploads/general_theory.txt
TM-A002-029,A002,e5c8b57ae47d5f24a2e3be0e80ce28ebbcebc2125d4a066115d2de13dbc5efc9,Conditional theorem,Review-synchronised hybrid RFDE knowledge kernel,1419,1443,1445,1526,186,704,located,V-A002-03;V-A002-09;V-A002-10;V-A002-11;V-A002-12;V-A002-13,V-A002-01;V-A002-18,mathematically_audited_accept_with_recorded_scope,uploads/general_theory.txt
TM-A002-030,A002,e5c8b57ae47d5f24a2e3be0e80ce28ebbcebc2125d4a066115d2de13dbc5efc9,Proposition,Outer semicontinuity does not close universal tube constraints,1564,1568,1570,1597,34,197,located,V-A002-03;V-A002-09;V-A002-10;V-A002-11;V-A002-12;V-A002-13,V-A002-01;V-A002-18,mathematically_audited_accept_with_recorded_scope,uploads/general_theory.txt
TM-A002-031,A002,e5c8b57ae47d5f24a2e3be0e80ce28ebbcebc2125d4a066115d2de13dbc5efc9,Conditional theorem,Bounded-jump hybrid ODE kernel with continuous exact tubes,1641,1664,1666,1743,177,649,located,V-A002-03;V-A002-09;V-A002-10;V-A002-11;V-A002-12;V-A002-13,V-A002-01;V-A002-18,mathematically_audited_accept_with_recorded_scope,uploads/general_theory.txt
TM-A002-033,A002,e5c8b57ae47d5f24a2e3be0e80ce28ebbcebc2125d4a066115d2de13dbc5efc9,Definition,Compact sampled information model,1775,1804,,,248,0,not_required_definition_or_programme,V-A002-03;V-A002-09;V-A002-10;V-A002-11;V-A002-12;V-A002-13,V-A002-01;V-A002-18,definition_or_nonproof_item,uploads/general_theory.txt
TM-A002-034,A002,e5c8b57ae47d5f24a2e3be0e80ce28ebbcebc2125d4a066115d2de13dbc5efc9,Theorem,Restricted sampled information-state tube kernel,1806,1820,1822,1846,126,447,located,V-A002-03;V-A002-09;V-A002-10;V-A002-11;V-A002-12;V-A002-13,V-A002-01;V-A002-18,mathematically_audited_accept_with_recorded_scope,uploads/general_theory.txt
TM-A002-035,A002,e5c8b57ae47d5f24a2e3be0e80ce28ebbcebc2125d4a066115d2de13dbc5efc9,Conditional theorem,Finite-time sample-and-hold convergence,1865,1868,1870,1936,122,383,located,V-A002-03;V-A002-09;V-A002-10;V-A002-11;V-A002-12;V-A002-13,V-A002-01;V-A002-18,mathematically_audited_accept_with_recorded_scope,uploads/general_theory.txt
TM-A002-036,A002,e5c8b57ae47d5f24a2e3be0e80ce28ebbcebc2125d4a066115d2de13dbc5efc9,Definition,Four model maps,1944,1946,,,56,0,not_required_definition_or_programme,V-A002-03;V-A002-14;V-A002-15;V-A002-16,V-A002-01;V-A002-18,mathematically_audited_accept_with_recorded_scope,uploads/general_theory.txt
TM-A002-037,A002,e5c8b57ae47d5f24a2e3be0e80ce28ebbcebc2125d4a066115d2de13dbc5efc9,Theorem,Projectability criterion,1948,1961,1963,1983,97,162,located,V-A002-03;V-A002-14;V-A002-15;V-A002-16,V-A002-01;V-A002-18,mathematically_audited_accept_with_recorded_scope,uploads/general_theory.txt
TM-A002-038,A002,e5c8b57ae47d5f24a2e3be0e80ce28ebbcebc2125d4a066115d2de13dbc5efc9,Corollary,Fibre obstruction,1985,1991,1993,2005,36,75,located,V-A002-03;V-A002-14;V-A002-15;V-A002-16,V-A002-01;V-A002-18,mathematically_audited_accept_with_recorded_scope,uploads/general_theory.txt
TM-A002-039,A002,e5c8b57ae47d5f24a2e3be0e80ce28ebbcebc2125d4a066115d2de13dbc5efc9,Theorem,Support-saturated logistic stock limit,2021,2039,2041,2085,165,259,located,V-A002-03;V-A002-14;V-A002-15;V-A002-16,V-A002-01;V-A002-18,mathematically_audited_accept_with_recorded_scope,uploads/general_theory.txt
TM-A002-040,A002,e5c8b57ae47d5f24a2e3be0e80ce28ebbcebc2125d4a066115d2de13dbc5efc9,Theorem,Logistic variance correction and curvature bound,2093,2109,2111,2152,151,251,located,V-A002-03;V-A002-14;V-A002-15;V-A002-16,V-A002-01;V-A002-18,mathematically_audited_accept_with_recorded_scope,uploads/general_theory.txt
TM-A002-041,A002,e5c8b57ae47d5f24a2e3be0e80ce28ebbcebc2125d4a066115d2de13dbc5efc9,Conditional theorem,Local-horizon bracket,2160,2178,2180,2202,90,189,located,V-A002-03;V-A002-17,V-A002-01;V-A002-18,mathematically_audited_accept_with_recorded_scope,uploads/general_theory.txt
TM-A002-042,A002,e5c8b57ae47d5f24a2e3be0e80ce28ebbcebc2125d4a066115d2de13dbc5efc9,Conditional theorem,Small-gain delay-independent stability,2216,2229,2231,2254,64,176,located,V-A002-03;V-A002-17,V-A002-01;V-A002-18,mathematically_audited_accept_with_recorded_scope,uploads/general_theory.txt
TM-A002-043,A002,e5c8b57ae47d5f24a2e3be0e80ce28ebbcebc2125d4a066115d2de13dbc5efc9,Conjecture,Periodic-orbit-fold persistence under typed coupling,2262,2264,,,50,0,not_required_definition_or_programme,V-A002-03,V-A002-01;V-A002-18,definition_or_nonproof_item,uploads/general_theory.txt
TM-A002-044,A002,e5c8b57ae47d5f24a2e3be0e80ce28ebbcebc2125d4a066115d2de13dbc5efc9,Conjecture,Variable-time delayed-hybrid information kernel,2269,2271,,,67,0,not_required_definition_or_programme,V-A002-03,V-A002-01;V-A002-18,definition_or_nonproof_item,uploads/general_theory.txt
TM-A002-045,A002,e5c8b57ae47d5f24a2e3be0e80ce28ebbcebc2125d4a066115d2de13dbc5efc9,Conjecture,Restricted delay-separation principle,2278,2280,,,47,0,not_required_definition_or_programme,V-A002-03,V-A002-01;V-A002-18,definition_or_nonproof_item,uploads/general_theory.txt
TM-A002-046,A002,e5c8b57ae47d5f24a2e3be0e80ce28ebbcebc2125d4a066115d2de13dbc5efc9,Empirical hypothesis,Observation aggregation,2289,2291,,,30,0,not_required_definition_or_programme,V-A002-03,V-A002-01;V-A002-18,definition_or_nonproof_item,uploads/general_theory.txt
TM-A002-047,A002,e5c8b57ae47d5f24a2e3be0e80ce28ebbcebc2125d4a066115d2de13dbc5efc9,Empirical hypothesis,Governance phase ordering,2295,2297,,,45,0,not_required_definition_or_programme,V-A002-03,V-A002-01;V-A002-18,definition_or_nonproof_item,uploads/general_theory.txt
TM-A002-048,A002,e5c8b57ae47d5f24a2e3be0e80ce28ebbcebc2125d4a066115d2de13dbc5efc9,Empirical hypothesis,Substitution certificate,2301,2303,,,36,0,not_required_definition_or_programme,V-A002-03,V-A002-01;V-A002-18,definition_or_nonproof_item,uploads/general_theory.txt
TM-A002-049,A002,e5c8b57ae47d5f24a2e3be0e80ce28ebbcebc2125d4a066115d2de13dbc5efc9,Research programme,"Spatial, stage, and polycentric-agent closure",2314,2316,,,150,0,not_required_definition_or_programme,V-A002-03,V-A002-01;V-A002-18,definition_or_nonproof_item,uploads/general_theory.txt
TM-A002-050,A002,e5c8b57ae47d5f24a2e3be0e80ce28ebbcebc2125d4a066115d2de13dbc5efc9,Research programme,"Exergy, quality grades, and nonsmooth transformation feasibility",2318,2320,,,153,0,not_required_definition_or_programme,V-A002-03,V-A002-01;V-A002-18,definition_or_nonproof_item,uploads/general_theory.txt
TM-A002-051,A002,e5c8b57ae47d5f24a2e3be0e80ce28ebbcebc2125d4a066115d2de13dbc5efc9,Research programme,Justice and multiscale viability,2322,2324,,,58,0,not_required_definition_or_programme,V-A002-03,V-A002-01;V-A002-18,definition_or_nonproof_item,uploads/general_theory.txt
TM-A002-052,A002,e5c8b57ae47d5f24a2e3be0e80ce28ebbcebc2125d4a066115d2de13dbc5efc9,Research programme,"Model selection, minimality, and limit lattice",2326,2328,,,126,0,not_required_definition_or_programme,V-A002-03,V-A002-01;V-A002-18,definition_or_nonproof_item,uploads/general_theory.txt
TM-A002-053,A002,e5c8b57ae47d5f24a2e3be0e80ce28ebbcebc2125d4a066115d2de13dbc5efc9,Research programme,"Structural uncertainty, robustness, and quantitative detection risk",2330,2332,,,111,0,not_required_definition_or_programme,V-A002-03,V-A002-01;V-A002-18,definition_or_nonproof_item,uploads/general_theory.txt
