tag,origin,horizon,model,obs,pred,r_used,r_hi,r_lo,sqerr,abserr,log_sqerr,below_lrp_obs,below_lrp_pred,post_break_origin
ncam2016,1990,1,M_cap_regime1991,734.51,973.2135269439793,1.991084851805777,1.991084851805777,1.991084851805777,56979.37377549507,238.70352694397934,0.07918590374075311,1,0,0
ncam2016,1990,5,M_cap_regime1991,9.68,1011.3970110752508,1.991084851805777,1.991084851805777,1.991084851805777,1003436.9702775342,1001.7170110752509,21.613442117505272,1,0,0
ncam2016,1991,1,M_cap_regime1991,381.95,1044.1641405740854,1.5483637614501005,1.5483637614501005,1.5483637614501005,438527.5679762745,662.2141405740854,1.0113968259177482,1,0,1
ncam2016,1991,5,M_cap_regime1991,16.05,1060.1765528879032,1.5483637614501005,1.5483637614501005,1.5483637614501005,1090200.2584455754,1044.1265528879032,17.560138411657647,1,0,1
ncam2016,1992,1,M_cap_regime1991,101.05,370.8025417098455,0.001,1.5495690643923918,0.001,72766.43375892194,269.7525417098455,1.6901410386002094,1,1,1
ncam2016,1992,5,M_cap_regime1991,20.57,367.2871563742777,0.001,1.5495690643923918,0.001,120212.78652426534,346.7171563742777,8.307712555254588,1,1,1
ncam2016,1993,1,M_cap_regime1991,30.55,99.82743174385934,0.001,1.5499736637561219,0.001,4799.36254902509,69.27743174385934,1.4020414847166802,1,1,1
ncam2016,1993,5,M_cap_regime1991,28.25,92.5128575304745,0.001,1.5499736637561219,0.001,4129.714857982064,64.2628575304745,1.4071989738633282,1,1,1
ncam2016,1994,1,M_cap_regime1991,9.68,30.166670883278364,0.001,1.5499798928663282,0.001,419.7036838797655,20.486670883278364,1.292031875502466,1,1,1
ncam2016,1994,5,M_cap_regime1991,34.59,14.487799901685936,0.001,1.5499798928663282,0.001,404.09844879265813,20.102200098314068,0.7573484883885861,1,1,1
ncam2016,1995,1,M_cap_regime1991,16.05,7.814591737621667,0.001,1.5499926501585166,0.001,67.82194924804932,8.235408262378334,0.5179913048090812,1,1,1
ncam2016,1995,5,M_cap_regime1991,34.42,0.001,0.001,1.5499926501585166,0.001,1184.6675610000002,34.419000000000004,109.1271281680453,1,1,1
ncam2016,1996,1,M_cap_regime1991,20.57,15.188807353912127,0.001,1.5499668574085006,0.001,28.957234294310208,5.381192646087873,0.09197566821676373,1,1,1
ncam2016,1996,5,M_cap_regime1991,29.5,0.001,0.001,1.5499668574085006,0.001,870.1910009999999,29.499,105.92825986446032,1,1,1
ncam2016,1997,1,M_cap_regime1991,28.25,16.08317144185329,0.001,1.5499634558431588,0.001,148.0317171633344,12.166828558146712,0.31732940473172844,1,1,1
ncam2016,1997,5,M_cap_regime1991,23.87,0.001,0.001,1.5499634558431588,0.001,569.729161,23.869,101.61401496442268,1,1,1
ncam2016,1998,1,M_cap_regime1991,34.59,19.751498273105256,0.001,1.549964508314661,0.001,220.1811334990584,14.838501726894748,0.31397561766361276,1,1,1
ncam2016,1998,5,M_cap_regime1991,22.07,2.1534991568304394,0.001,1.549964508314661,0.001,396.66700583597384,19.916500843169562,5.415511632670854,1,1,1
ncam2016,1999,1,M_cap_regime1991,34.42,29.193462999095026,0.001,1.5499628515845731,0.001,27.316689021828783,5.226537000904976,0.027123776497154257,1,1,1
ncam2016,1999,5,M_cap_regime1991,20.07,16.417135238647756,0.001,1.5499628515845731,0.001,13.34342096472899,3.6528647613522445,0.040361027699505635,1,1,1
ncam2016,2000,1,M_cap_regime1991,29.5,27.48430404997714,0.001,1.5499597133881207,0.001,4.063030162938558,2.0156959500228595,0.005009126590794967,1,1,1
ncam2016,2000,5,M_cap_regime1991,25.18,20.35387357979543,0.001,1.5499597133881207,0.001,23.291496223796578,4.82612642020457,0.045274812171643156,1,1,1
ncam2016,2001,1,M_cap_regime1991,23.87,25.2796802777364,0.001,1.5499558787416756,0.001,1.987198485438971,1.409680277736399,0.003292290151467605,1,1,1
ncam2016,2001,5,M_cap_regime1991,40.83,19.698173977250143,0.001,1.5499558787416756,0.001,446.55407105576796,21.131826022749856,0.5312823309891461,1,1,1
ncam2016,2002,1,M_cap_regime1991,22.07,22.899333305481722,0.001,1.5499498554075328,0.001,0.6877937315812389,0.8293333054817218,0.0013607670813613098,1,1,1
ncam2016,2002,5,M_cap_regime1991,81.1,15.370061993968744,0.001,1.5499498554075328,0.001,4320.424750276711,65.72993800603125,2.7664383853975316,1,1,1
ncam2016,2003,1,M_cap_regime1991,20.07,21.442611194772756,0.001,1.5499730223156827,0.001,1.8840614920154908,1.3726111947727553,0.00437634599757408,1,1,1
ncam2016,2003,5,M_cap_regime1991,106.65,11.166874515373868,0.001,1.5499730223156827,0.001,9117.027252312862,95.48312548462614,5.092246636245475,1,1,1
ncam2016,2004,1,M_cap_regime1991,25.18,18.758690582153626,0.001,1.5499614442626901,0.001,41.23321463972253,6.421309417846373,0.08666717124898725,1,1,1
ncam2016,2004,5,M_cap_regime1991,104.56,6.6826469814999765,0.001,1.5499614442626901,0.001,9579.976233908077,97.87735301850003,7.563858041432415,1,1,1
ncam2016,2005,1,M_cap_regime1991,40.83,22.503582779638926,0.001,1.5499638752161895,0.001,335.8575681347469,18.326417220361073,0.3549092146512723,1,1,1
ncam2016,2005,5,M_cap_regime1991,96.91,10.179789529558093,0.001,1.5499638752161895,0.001,7522.12940824715,86.7302104704419,5.077714108731781,1,1,1
ncam2016,2006,1,M_cap_regime1991,81.1,37.938259702132044,0.001,1.5499658264845422,0.001,1862.9358255405982,43.16174029786795,0.577178835257718,1,1,1
ncam2016,2006,5,M_cap_regime1991,90.56,24.833684006419634,0.001,1.5499658264845422,0.001,4319.948614087979,65.72631599358037,1.6739486032024509,1,1,1
ncam2016,2007,1,M_cap_regime1991,106.65,77.78990465026013,0.001,1.5499792112489845,0.001,832.9051035960774,28.86009534973988,0.09956598537782371,1,1,1
ncam2016,2007,5,M_cap_regime1991,112.12,64.34324394726029,0.001,1.5499792112489845,0.001,2282.6184189230007,47.776756052739714,0.30840005759315847,1,1,1
ncam2016,2008,1,M_cap_regime1991,104.56,103.62993616104653,0.001,1.5499670990785537,0.001,0.865018744528871,0.9300638389534726,7.983104681206456e-05,1,1,1
ncam2016,2008,5,M_cap_regime1991,169.17,88.87895371321432,0.001,1.5499670990785537,0.001,6446.652113826759,80.29104628678567,0.41425797185393354,1,1,1
ncam2016,2009,1,M_cap_regime1991,96.91,101.6922619739956,0.001,1.549959560265955,0.001,22.870029587924318,4.7822619739956025,0.002320204452807985,1,1,1
ncam2016,2009,5,M_cap_regime1991,250.12,85.0242607636828,0.001,1.549959560265955,0.001,27256.603113986046,165.0957392363172,1.1642499906431292,1,1,1
ncam2016,2010,1,M_cap_regime1991,90.56,93.22806371963831,0.001,1.5499717225100373,0.001,7.118564012050223,2.6680637196383117,0.0008430994460257867,1,1,1
ncam2016,2010,5,M_cap_regime1991,298.65,75.86438488259057,0.001,1.5499717225100373,0.001,49633.43030324248,222.7856151174094,1.8777905570786797,1,1,1
ncam2016,2011,1,M_cap_regime1991,112.12,86.77183504491428,0.001,1.549963846420638,0.001,642.5294665902359,25.34816495508572,0.06568335356334377,1,1,1
ncam2016,2012,1,M_cap_regime1991,169.17,107.71427899735845,0.001,1.549949488614244,0.001,3776.805643954516,61.45572100264154,0.20378179490234802,1,1,1
ncam2016,2013,1,M_cap_regime1991,250.12,164.44221308497237,0.001,1.5499711493522683,0.001,7340.683170656881,85.67778691502764,0.1758809116958232,1,1,1
ncam2016,2014,1,M_cap_regime1991,298.65,245.87519257144086,0.001,1.549920907246519,0.001,2785.180299121498,52.774807428559114,0.03781012552951277,1,1,1
xteNCAM,1965,1,M_cap_regime1991,1023.0,1015.6265299991084,0.4040476311893704,0.4040476311893704,0.4040476311893704,54.36805985404901,7.373470000891643,5.232777525824871e-05,0,0,0
xteNCAM,1965,5,M_cap_regime1991,865.0,0.001,0.4040476311893704,0.4040476311893704,0.4040476311893704,748223.270001,864.999,186.8821542819066,0,1,0
xteNCAM,1966,1,M_cap_regime1991,907.0,773.6851983417054,0.4062494385943765,0.4062494385943765,0.4062494385943765,17772.83634119044,133.31480165829464,0.025273807271340522,0,0,0
xteNCAM,1966,5,M_cap_regime1991,800.0,0.001,0.4062494385943765,0.4062494385943765,0.4062494385943765,639998.400001,799.999,184.75244084346923,0,1,0
xteNCAM,1967,1,M_cap_regime1991,947.0,427.4960659479092,0.41456526372253183,0.41456526372253183,0.41456526372253183,269884.3374955991,519.5039340520908,0.6325879969482707,0,0,0
xteNCAM,1967,5,M_cap_regime1991,791.0,0.001,0.41456526372253183,0.41456526372253183,0.41456526372253183,625679.4180010001,790.999,184.44500729105303,0,1,0
xteNCAM,1968,1,M_cap_regime1991,951.0,578.2588051796765,0.5507034962223627,0.5507034962223627,0.5507034962223627,138935.99831608235,372.74119482032347,0.24749882164553227,0,0,0
xteNCAM,1968,5,M_cap_regime1991,742.0,0.001,0.5507034962223627,0.5507034962223627,0.5507034962223627,550562.5160010001,741.999,182.7121146627149,0,1,0
xteNCAM,1969,1,M_cap_regime1991,865.0,864.5158487790151,0.7017638851552742,0.7017638851552742,0.7017638851552742,0.23440240478119564,0.484151220984927,3.134533997931517e-07,0,0,0
xteNCAM,1969,5,M_cap_regime1991,702.0,855.4319963062648,0.7017638851552742,0.7017638851552742,0.7017638851552742,23541.37749052564,153.43199630626475,0.03907469247553109,0,0,0
xteNCAM,1970,1,M_cap_regime1991,800.0,864.2876546035834,0.7753603403887531,0.7753603403887531,0.7753603403887531,4132.902534429639,64.2876546035834,0.0059743499599832365,0,0,0
xteNCAM,1970,5,M_cap_regime1991,549.0,1181.5203836835665,0.7753603403887531,0.7753603403887531,0.7753603403887531,400082.03577520617,632.5203836835665,0.587459256649612,0,0,0
xteNCAM,1971,1,M_cap_regime1991,791.0,765.4450362284892,0.7807015185244276,0.7807015185244276,0.7807015185244276,653.0561733632272,25.554963771510756,0.0010785021437569014,0,0,0
xteNCAM,1971,5,M_cap_regime1991,351.0,1297.7797215047356,0.7807015185244276,0.7807015185244276,0.7807015185244276,896391.8410525846,946.7797215047356,1.7098804032800756,0,0,0
xteNCAM,1972,1,M_cap_regime1991,742.0,858.4014382876369,0.7828492253947108,0.7828492253947108,0.7828492253947108,13549.29483543054,116.40143828763689,0.021235083055820655,0,0,0
xteNCAM,1972,5,M_cap_regime1991,219.0,1665.7006920096176,0.7828492253947108,0.7828492253947108,0.7828492253947108,2092942.8922611063,1446.7006920096176,4.116554591800904,1,0,0
xteNCAM,1973,1,M_cap_regime1991,702.0,775.3772433237383,0.7792098913975585,0.7792098913975585,0.7792098913975585,5384.219837791096,73.3772433237383,0.009883595232747783,0,0,0
xteNCAM,1973,5,M_cap_regime1991,189.0,1782.0613756305772,0.7792098913975585,0.7792098913975585,0.7792098913975585,2537844.546525987,1593.0613756305772,5.034544355080471,1,0,0
xteNCAM,1974,1,M_cap_regime1991,549.0,799.153215530524,0.754327472515775,0.754327472515775,0.754327472515775,62576.63124026079,250.153215530524,0.14096589007752702,0,0,0
xteNCAM,1974,5,M_cap_regime1991,261.0,1913.9057699216037,0.754327472515775,0.754327472515775,0.754327472515775,2732097.4842401296,1652.9057699216037,3.9695817760549397,1,0,0
xteNCAM,1975,1,M_cap_regime1991,351.0,646.8164247875523,0.7122477117336479,0.7122477117336479,0.7122477117336479,87507.35717408956,295.81642478755225,0.37365871229463715,0,0,0
xteNCAM,1975,5,M_cap_regime1991,359.0,1702.5813854627145,0.7122477117336479,0.7122477117336479,0.7122477117336479,1805210.9393619073,1343.5813854627145,2.4229364769043538,0,0,0
xteNCAM,1976,1,M_cap_regime1991,219.0,382.49305291718736,0.6592851846404679,0.6592851846404679,0.6592851846404679,26729.978352182225,163.49305291718736,0.3109609877441266,1,0,0
xteNCAM,1976,5,M_cap_regime1991,435.0,851.9787936488476,0.6592851846404679,0.6592851846404679,0.6592851846404679,173871.31435284825,416.9787936488476,0.45187382007251203,0,0,0
xteNCAM,1977,1,M_cap_regime1991,189.0,210.10600275338717,0.6364228779631702,0.6364228779631702,0.6364228779631702,445.46335222598697,21.106002753387173,0.011207432804326244,1,1,0
xteNCAM,1977,5,M_cap_regime1991,464.0,0.001,0.6364228779631702,0.6364228779631702,0.6364228779631702,215295.07200100002,463.999,170.24090516493578,0,1,0
xteNCAM,1978,1,M_cap_regime1991,261.0,135.4254135993334,0.6381314768652144,0.6381314768652144,0.6381314768652144,15768.976749698479,125.57458640066659,0.4304663855442663,1,1,0
xteNCAM,1978,5,M_cap_regime1991,427.0,0.001,0.6381314768652144,0.6381314768652144,0.6381314768652144,182328.14600100002,426.999,168.07927905927673,0,1,0
xteNCAM,1979,1,M_cap_regime1991,359.0,240.1658530787979,0.6492483599843601,0.6492483599843601,0.6492483599843601,14121.554474489845,118.83414692120209,0.1615980901069143,0,1,0
xteNCAM,1979,5,M_cap_regime1991,488.0,0.001,0.6492483599843601,0.6492483599843601,0.6492483599843601,238143.024001,487.999,171.55945566494148,0,1,0
xteNCAM,1980,1,M_cap_regime1991,435.0,397.91848072135343,0.6649935728917055,0.6649935728917055,0.6649935728917055,1375.039072012637,37.08151927864657,0.007938608473358772,0,0,0
xteNCAM,1980,5,M_cap_regime1991,593.0,379.74727972421647,0.6649935728917055,0.6649935728917055,0.6649935728917055,45476.72270502157,213.25272027578353,0.1986381685071341,0,0,0
xteNCAM,1981,1,M_cap_regime1991,464.0,453.84563454713,0.6721113865894844,0.6721113865894844,0.6721113865894844,103.11113775044025,10.154365452870024,0.0004896228934433087,0,0,0
xteNCAM,1981,5,M_cap_regime1991,611.0,609.7979316298681,0.6721113865894844,0.6721113865894844,0.6721113865894844,1.4449683664715218,1.202068370131883,3.878207500782913e-06,0,0,0
xteNCAM,1982,1,M_cap_regime1991,427.0,491.2025467983874,0.663480633264599,0.663480633264599,0.663480633264599,4121.967015399125,64.2025467983874,0.019620318826757327,0,0,0
xteNCAM,1982,5,M_cap_regime1991,779.0,724.3716203701854,0.663480633264599,0.663480633264599,0.663480633264599,2984.259860979145,54.62837962981462,0.00528623475952781,0,0,0
xteNCAM,1983,1,M_cap_regime1991,488.0,433.6404207845136,0.6518996622888207,0.6518996622888207,0.6518996622888207,2954.9638524847414,54.359579215486406,0.013947548282438348,0,0,0
xteNCAM,1983,5,M_cap_regime1991,853.0,392.158829420649,0.6518996622888207,0.6518996622888207,0.6518996622888207,212374.58450094648,460.841170579351,0.6038729286659715,0,0,0
xteNCAM,1984,1,M_cap_regime1991,593.0,526.158391001177,0.660539293461509,0.660539293461509,0.660539293461509,4467.800693551529,66.84160899882295,0.014302272298810845,0,0,0
xteNCAM,1984,5,M_cap_regime1991,864.0,728.008848836003,0.660539293461509,0.660539293461509,0.660539293461509,18493.59319490907,135.99115116399696,0.02932983883920783,0,0,0
xteNCAM,1985,1,M_cap_regime1991,611.0,643.3405971516838,0.6714246613187681,0.6714246613187681,0.6714246613187681,1045.9142241275,32.34059715168382,0.002660220444339144,0,0,0
xteNCAM,1985,5,M_cap_regime1991,738.0,1208.667368076606,0.6714246613187681,0.6714246613187681,0.6714246613187681,221527.77137215927,470.66736807660595,0.24337434915260522,0,0,0
xteNCAM,1986,1,M_cap_regime1991,779.0,691.7425060661092,0.6607403684527046,0.6607403684527046,0.6607403684527046,7613.870247622995,87.25749393389083,0.014112789116653819,0,0,0
xteNCAM,1986,5,M_cap_regime1991,600.0,1376.4615464177623,0.6607403684527046,0.6607403684527046,0.6607403684527046,602892.5330654628,776.4615464177623,0.6894673939102842,0,0,0
xteNCAM,1987,1,M_cap_regime1991,853.0,895.4640418706837,0.677843435913589,0.677843435913589,0.677843435913589,1803.1948519951761,42.46404187068367,0.002360261147976471,0,0,0
xteNCAM,1987,5,M_cap_regime1991,352.0,2045.2633747749135,0.677843435913589,0.677843435913589,0.677843435913589,2867140.856354129,1693.2633747749135,3.096370495237566,0,0,0
xteNCAM,1988,1,M_cap_regime1991,864.0,1002.7224448417812,0.6685295378003144,0.6685295378003144,0.6685295378003144,19243.916702881033,138.72244484178123,0.022171584002399554,0,0,0
xteNCAM,1988,5,M_cap_regime1991,79.0,2389.572712657734,0.6685295378003144,0.6685295378003144,0.6685295378003144,5338746.260478519,2310.572712657734,11.624158341084167,1,0,0
xteNCAM,1989,1,M_cap_regime1991,738.0,1046.141744761365,0.6545634745486529,0.6545634745486529,0.6545634745486529,94951.33486457827,308.1417447613651,0.1217453911657925,0,0,0
xteNCAM,1989,5,M_cap_regime1991,22.0,2588.9340878113912,0.6545634745486529,0.6545634745486529,0.6545634745486529,6589150.6111681,2566.9340878113912,22.733433669528264,1,0,0
xteNCAM,1990,1,M_cap_regime1991,600.0,918.3931334074464,0.6255657629836613,0.6255657629836613,0.6255657629836613,101374.18740101195,318.3931334074464,0.18121699385404577,0,0,0
xteNCAM,1990,5,M_cap_regime1991,10.0,2622.012843955373,0.6255657629836613,0.6255657629836613,0.6255657629836613,6822611.096987834,2612.012843955373,31.015013701853313,1,0,0
xteNCAM,1991,1,M_cap_regime1991,352.0,851.0859408766388,0.5927257282109795,0.5927257282109795,0.5927257282109795,249086.7763807198,499.0859408766388,0.7794805128806405,0,0,1
xteNCAM,1991,5,M_cap_regime1991,15.0,2623.561760952817,0.5927257282109795,0.5927257282109795,0.5927257282109795,6804594.460705263,2608.561760952817,26.669353327228404,1,0,1
xteNCAM,1992,1,M_cap_regime1991,79.0,340.9230730313362,0.001,0.5927160418401997,0.001,68603.69618617867,261.9230730313362,2.138055180395405,1,0,1
xteNCAM,1992,5,M_cap_regime1991,20.0,337.6653738568885,0.001,0.5927160418401997,0.001,100911.28974763674,317.6653738568885,7.988102341126853,1,0,1
xteNCAM,1993,1,M_cap_regime1991,22.0,77.7631398293762,0.001,0.5927447845504493,0.001,3109.5277636305623,55.7631398293762,1.594222103864388,1,1,1
xteNCAM,1993,5,M_cap_regime1991,28.0,70.38981690421073,0.001,0.5927447845504493,0.001,1796.89657717251,42.38981690421073,0.8497965378453853,1,1,1
xteNCAM,1994,1,M_cap_regime1991,10.0,21.608855736708062,0.001,0.5927517796164358,0.001,134.76553151569968,11.608855736708062,0.5936981817002923,1,1,1
xteNCAM,1994,5,M_cap_regime1991,35.0,5.8981037933459675,0.001,0.5927517796164358,0.001,846.9203628228644,29.101896206654033,3.1709535796764685,1,1,1
xteNCAM,1995,1,M_cap_regime1991,15.0,8.134970194236498,0.001,0.5927415388589189,0.001,47.12863423402126,6.865029805763502,0.3743948390338152,1,1,1
xteNCAM,1995,5,M_cap_regime1991,34.0,0.001,0.001,0.5927415388589189,0.001,1155.9320010000001,33.999,108.87077260289978,1,1,1
xteNCAM,1996,1,M_cap_regime1991,20.0,14.13793293794091,0.001,0.5927409375042153,0.001,34.363830240078094,5.86206706205909,0.12031935828011006,1,1,1
xteNCAM,1996,5,M_cap_regime1991,31.0,0.001,0.001,0.5927409375042153,0.001,960.9380009999999,30.999,106.95163759435204,1,1,1
xteNCAM,1997,1,M_cap_regime1991,28.0,15.512880780364457,0.001,0.5927373075844834,0.001,155.92814640539137,12.487119219635543,0.348730184610868,1,1,1
xteNCAM,1997,5,M_cap_regime1991,25.0,0.001,0.001,0.5927373075844834,0.001,624.9500009999999,24.999,102.54865751346911,1,1,1
xteNCAM,1998,1,M_cap_regime1991,35.0,19.50176633653559,0.001,0.5927253562515189,0.001,240.1952466873415,15.498233663464411,0.34204135647669426,1,1,1
xteNCAM,1998,5,M_cap_regime1991,23.0,1.903199548328195,0.001,0.5927253562515189,0.001,445.0749892976596,21.096800451671804,6.209853543635525,1,1,1
xteNCAM,1999,1,M_cap_regime1991,34.0,29.604634877245438,0.001,0.5927471113780676,0.001,19.319234562327225,4.395365122754562,0.01916275190069042,1,1,1
xteNCAM,1999,5,M_cap_regime1991,21.0,16.831199237948088,0.001,0.5927471113780676,0.001,17.378899793684603,4.168800762051912,0.048968456877636776,1,1,1
xteNCAM,2000,1,M_cap_regime1991,31.0,27.064655501491472,0.001,0.5927016687009041,0.001,15.486936321941334,3.9353444985085275,0.01843038467963757,1,1,1
xteNCAM,2000,5,M_cap_regime1991,26.0,19.934026934726038,0.001,0.5927016687009041,0.001,36.79602922862919,6.065973065273962,0.0705796829682325,1,1,1
xteNCAM,2001,1,M_cap_regime1991,25.0,26.781713565925486,0.001,0.5927460375025266,0.001,3.1745032310029107,1.781713565925486,0.004739427509620137,1,1,1
xteNCAM,2001,5,M_cap_regime1991,41.0,21.207613771313753,0.001,0.5927460375025266,0.001,391.73855262548904,19.792386228686247,0.43456020958046415,1,1,1
xteNCAM,2002,1,M_cap_regime1991,23.0,24.03081372146234,0.001,0.5927322561865138,0.001,1.0625769283550401,1.0308137214623407,0.001922181990655615,1,1,1
xteNCAM,2002,5,M_cap_regime1991,83.0,16.50717366541716,0.001,0.5927322561865138,0.001,4421.295953960994,66.49282633458284,2.608372140762169,1,1,1
xteNCAM,2003,1,M_cap_regime1991,21.0,22.37384233583585,0.001,0.592728573814092,0.001,1.8874427637349034,1.3738423358358496,0.004015767789312699,1,1,1
xteNCAM,2003,5,M_cap_regime1991,117.0,12.102684991001537,0.001,0.592728573814092,0.001,11003.446696097053,104.89731500899846,5.147211165541952,1,1,1
xteNCAM,2004,1,M_cap_regime1991,26.0,19.68986856255404,0.001,0.5927329755170199,0.001,39.817758757843826,6.3101314374459605,0.07727973038640652,1,1,1
xteNCAM,2004,5,M_cap_regime1991,99.0,7.618089390777577,0.001,0.5927329755170199,0.001,8350.653586591916,91.38191060922242,6.577143656844009,1,1,1
xteNCAM,2005,1,M_cap_regime1991,41.0,23.32479851744586,0.001,0.5927374655309496,0.001,312.4127474488841,17.67520148255414,0.3181579957118798,1,1,1
xteNCAM,2005,5,M_cap_regime1991,91.0,11.005114658213863,0.001,0.5927374655309496,0.001,6399.18168084551,79.99488534178613,4.462653600310665,1,1,1
xteNCAM,2006,1,M_cap_regime1991,83.0,38.10949891136135,0.001,0.5927840518232367,0.001,2015.1570879890678,44.89050108863865,0.6058708187015996,1,1,1
xteNCAM,2006,5,M_cap_regime1991,90.0,25.008462412962,0.001,0.5927840518232367,0.001,4223.899957927372,64.991537587038,1.6399245944333187,1,1,1
xteNCAM,2007,1,M_cap_regime1991,117.0,79.6959467309767,0.001,0.592740441691643,0.001,1391.5923902981278,37.3040532690233,0.14742160088241096,1,1,1
xteNCAM,2007,5,M_cap_regime1991,112.0,66.2704138620373,0.001,0.592740441691643,0.001,2091.19504834935,45.7295861379627,0.275368146000143,1,1,1
xteNCAM,2008,1,M_cap_regime1991,99.0,113.99691983177165,0.001,0.5927493477478878,0.001,224.90760444058577,14.996919831771649,0.019895547903225928,1,1,1
xteNCAM,2008,5,M_cap_regime1991,167.0,99.31005483997765,0.001,0.5927493477478878,0.001,4581.928675766832,67.68994516002235,0.2701369328776985,1,1,1
xteNCAM,2009,1,M_cap_regime1991,91.0,96.13407873654984,0.001,0.5927456203486315,0.001,26.35876447309319,5.134078736549839,0.0030122934164462435,1,1,1
xteNCAM,2009,5,M_cap_regime1991,238.0,79.46884110800478,0.001,0.5927456203486315,0.001,25132.12833963904,158.53115889199523,1.2032020370018346,1,1,1
xteNCAM,2010,1,M_cap_regime1991,90.0,87.31853182199302,0.001,0.592736065501365,0.001,7.190271589664075,2.6814681780069805,0.0009148781388895251,1,1,1
xteNCAM,2010,5,M_cap_regime1991,273.0,69.9519426827136,0.001,0.592736065501365,0.001,41228.51358032403,203.0480573172864,1.8541270025112857,1,1,1
xteNCAM,2011,1,M_cap_regime1991,112.0,86.21658577003146,0.001,0.5927429486363301,0.001,664.7844493541444,25.783414229968542,0.06845355442415826,1,1,1
xteNCAM,2011,5,M_cap_regime1991,339.0,62.6096951428262,0.001,0.5927429486363301,0.001,76391.60061904148,276.3903048571738,2.8529911341781036,0,1,1
xteNCAM,2012,1,M_cap_regime1991,167.0,107.60226120942492,0.001,0.592745911942223,0.001,3528.091373433387,59.397738790575076,0.1932060925277785,1,1,1
xteNCAM,2012,5,M_cap_regime1991,451.0,75.69586197682264,0.001,0.592745911942223,0.001,140853.19601732015,375.30413802317736,3.185310588708531,0,1,1
xteNCAM,2013,1,M_cap_regime1991,238.0,162.28868738003456,0.001,0.592749106066758,0.001,5732.202858638138,75.71131261996544,0.14660774132984844,1,1,1
xteNCAM,2013,5,M_cap_regime1991,369.0,125.98706664876745,0.001,0.592749106066758,0.001,59055.2857759706,243.01293335123256,1.1548025305966194,0,1,1
xteNCAM,2014,1,M_cap_regime1991,273.0,233.78511652358213,0.001,0.5927524749844651,0.001,1537.8070860690311,39.21488347641787,0.024046521044024625,1,1,1
xteNCAM,2014,5,M_cap_regime1991,400.0,191.6543029096469,0.001,0.5927524749844651,0.001,43407.92949606517,208.3456970903531,0.5413594112273519,0,1,1
xteNCAM,2015,1,M_cap_regime1991,339.0,263.1457867948385,0.001,0.5927411581684966,0.001,5753.8616609740975,75.8542132051615,0.0641567898319245,0,1,1
xteNCAM,2015,5,M_cap_regime1991,414.0,220.95912851595335,0.001,0.5927411581684966,0.001,37264.77806332021,193.04087148404665,0.3942436271783123,0,1,1
xteNCAM,2016,1,M_cap_regime1991,451.0,326.4237444474795,0.001,0.5927643460886185,0.001,15519.24344748689,124.57625555252048,0.10450412171904482,0,0,1
xteNCAM,2016,5,M_cap_regime1991,423.0,286.3593714421983,0.001,0.5927643460886185,0.001,18670.661372671126,136.64062855780168,0.15219721406814274,0,0,1
xteNCAM,2017,1,M_cap_regime1991,369.0,441.93437548020927,0.001,0.592744290160825,0.001,5319.423126688151,72.93437548020927,0.032531444936361745,0,0,1
xteNCAM,2017,5,M_cap_regime1991,462.0,399.20910303027193,0.001,0.592744290160825,0.001,3942.6967422630055,62.79089696972807,0.021339233094137003,0,0,1
xteNCAM,2018,1,M_cap_regime1991,400.0,358.8254156957242,0.001,0.5927484079287506,0.001,1695.346392629916,41.17458430427581,0.011800169296535745,0,0,1
xteNCAM,2018,5,M_cap_regime1991,425.0,313.3469586530818,0.001,0.5927484079287506,0.001,12466.401642016624,111.6530413469182,0.0928896891490517,0,0,1
xteNCAM,2019,1,M_cap_regime1991,414.0,390.0923146239779,0.001,0.5927236045272919,0.001,571.5774200388597,23.907685376022073,0.0035381747713671015,0,0,1
xteNCAM,2019,5,M_cap_regime1991,342.0,341.9698750523837,0.001,0.5927236045272919,0.001,0.0009075124688840111,0.03012494761628659,7.759587678616647e-09,0,0,1
xteNCAM,2020,1,M_cap_regime1991,423.0,403.385910580712,0.001,0.5927561598603119,0.001,384.71250374782574,19.614089419288007,0.0022542061398003275,0,0,1
xteNCAM,2021,1,M_cap_regime1991,462.0,410.8946703008191,0.001,0.5927369062300071,0.001,2611.7547236619826,51.10532969918091,0.013742400718102368,0,0,1
xteNCAM,2022,1,M_cap_regime1991,425.0,449.4003812988813,0.001,0.5927454411137133,0.001,595.3786075307969,24.400381298881314,0.0031164350115716944,0,0,1
xteNCAM,2023,1,M_cap_regime1991,342.0,412.37316670860866,0.001,0.5927276927333629,0.001,4952.382592597627,70.37316670860866,0.035013126009525504,0,0,1
