tag,origin,horizon,model,obs,pred,I_used,b,sqerr,abserr,log_sqerr
ncam2016,1991,1,M_cap_index,381.95,1046.0520195616175,138.0,0.0,441031.4923858189,664.1020195616175,1.01503341069867
ncam2016,1991,5,M_cap_index,16.05,1057.2429163858158,138.0,0.0,1084082.6891320003,1041.1929163858158,17.536922805745498
ncam2016,1992,1,M_cap_index,101.05,384.6907669157273,138.0,0.5916574896161331,80452.08465654193,283.6407669157273,1.7870993825412276
ncam2016,1992,5,M_cap_index,20.57,439.7785921438852,138.0,0.5916574896161331,175735.8437272583,419.2085921438852,9.378524647559606
ncam2016,1993,1,M_cap_index,30.55,102.2394600826679,138.0,0.6988151703829192,5139.378686944435,71.6894600826679,1.459150508471238
ncam2016,1993,5,M_cap_index,28.25,104.92986906507781,138.0,0.6988151703829192,5879.802319837477,76.67986906507781,1.7218655745798925
ncam2016,1994,1,M_cap_index,9.68,30.88521148410121,138.0,0.7046584153913938,449.6609940854578,21.20521148410121,1.3461001811817446
ncam2016,1994,5,M_cap_index,34.59,17.94434731940675,138.0,0.7046584153913938,277.0777531629414,16.645652680593255,0.4307158686665645
ncam2016,1995,1,M_cap_index,16.05,8.042215207962887,138.0,0.705240391816002,64.12461727558089,8.007784792037114,0.4774869162999012
ncam2016,1995,5,M_cap_index,34.42,0.001,138.0,0.705240391816002,1184.6675610000002,34.419000000000004,109.1271281680453
ncam2016,1996,1,M_cap_index,20.57,15.356917323870361,47.0,0.7051777769531572,27.176230988162963,5.213082676129639,0.08542040328887265
ncam2016,1996,5,M_cap_index,29.5,0.001,47.0,0.7051777769531572,870.1910009999999,29.499,105.92825986446032
ncam2016,1997,1,M_cap_index,28.25,16.298638645231094,47.0,0.7051212548325656,142.83503823226366,11.951361354768906,0.3025130593025459
ncam2016,1997,5,M_cap_index,23.87,0.001,47.0,0.7051212548325656,569.729161,23.869,101.61401496442268
ncam2016,1998,1,M_cap_index,34.59,20.047449528476456,47.0,0.7050229361226363,211.48577421680974,14.542550471523548,0.29752953838201196
ncam2016,1998,5,M_cap_index,22.07,2.9425810534290253,47.0,0.7050229361226363,365.85815555764236,19.127418946570977,4.059951426951997
ncam2016,1999,1,M_cap_index,34.42,30.320336914926045,216.0,0.7048597241925774,16.80723741111811,4.099663085073956,0.016083088715941714
ncam2016,1999,5,M_cap_index,20.07,20.692966423235404,216.0,0.7048597241925774,0.38808716447871244,0.622966423235404,0.0009343838801323853
ncam2016,2000,1,M_cap_index,29.5,28.23707136081321,125.0,0.7045754775194613,1.5949887476781954,1.2629286391867893,0.0019144616478695003
ncam2016,2000,5,M_cap_index,25.18,23.32740472854574,125.0,0.7045754775194613,3.4321092398146797,1.852595271454259,0.005840198369947055
ncam2016,2001,1,M_cap_index,23.87,25.940236063192188,129.0,0.7045829223879002,4.285877357341485,2.070236063192187,0.006917721122453676
ncam2016,2001,5,M_cap_index,40.83,22.643951100441498,129.0,0.7045829223879002,330.73237457713293,18.1860488995585,0.3475389576539875
ncam2016,2002,1,M_cap_index,22.07,23.288536071036955,84.0,0.70456683242315,1.4848301564181776,1.2185360710369544,0.0028882031127876765
ncam2016,2002,5,M_cap_index,81.1,17.20171861522826,84.0,0.70456683242315,4082.990363927466,63.898281384771735,2.4045888085126235
ncam2016,2003,1,M_cap_index,20.07,21.876465809954592,108.0,0.7045381429983548,3.2633187225348985,1.8064658099545916,0.007427901738096355
ncam2016,2003,5,M_cap_index,106.65,13.134274632098345,108.0,0.7045381429983548,8745.190891084807,93.51572536790167,4.386206619014131
ncam2016,2004,1,M_cap_index,25.18,19.198205870565328,125.0,0.7045578696010799,35.7818610069391,5.981794129434672,0.07356744780039727
ncam2016,2004,5,M_cap_index,104.56,8.481422807182037,125.0,0.7045578696010799,9231.092995396279,96.07857719281796,6.309555450719913
ncam2016,2005,1,M_cap_index,40.83,22.964217792349206,98.0,0.7044618598679891,319.1861738912116,17.865782207650792,0.33117705659798485
ncam2016,2005,5,M_cap_index,96.91,12.028710018522192,98.0,0.7044618598679891,7204.833388919725,84.8812899814778,4.353425576212384
ncam2016,2006,1,M_cap_index,81.1,38.68526076731968,98.0,0.7041251154342063,1799.0101041762705,42.41473923268031,0.5479320029944227
ncam2016,2006,5,M_cap_index,90.56,28.143700380372334,98.0,0.7041251154342063,3895.7944582071327,62.416299619627665,1.3658341481031344
ncam2016,2007,1,M_cap_index,106.65,81.14409770170916,300.0,0.7027241989333848,650.5510520499585,25.50590229829085,0.07470704039008048
ncam2016,2007,5,M_cap_index,112.12,81.21596429734805,300.0,0.7027241989333848,955.0594227107866,30.904035702651953,0.10397909327778374
ncam2016,2008,1,M_cap_index,104.56,107.6617345559719,263.0,0.700185796811049,9.620757255710211,3.101734555971902,0.0008545773577819593
ncam2016,2008,5,M_cap_index,169.17,109.40348102040059,263.0,0.700185796811049,3572.036790938815,59.7665189795994,0.18997517553208768
ncam2016,2009,1,M_cap_index,96.91,105.63095333933659,262.0,0.7005465858226445,76.055027146886,8.720953339336589,0.0074250507740546935
ncam2016,2009,5,M_cap_index,250.12,104.94405842393567,262.0,0.7005465858226445,21076.054012496843,145.17594157606433,0.7543154763570877
ncam2016,2010,1,M_cap_index,90.56,93.81673484758367,23.0,0.7016101010694802,10.606321867465846,3.2567348475836724,0.0012482538071731883
ncam2016,2010,5,M_cap_index,298.65,78.60563895497228,23.0,0.7016101010694802,48419.52082771451,220.0443610450277,1.7817681385799717
ncam2016,2011,1,M_cap_index,112.12,89.67447356312023,210.0,0.7017713784904874,503.80165702866884,22.445526436879774,0.04990022086189559
ncam2016,2012,1,M_cap_index,169.17,111.27594879814113,206.0,0.6995453522849091,3351.721164563455,57.89405120185886,0.17546965732692735
ncam2016,2013,1,M_cap_index,250.12,178.18413802773503,763.0,0.6924484894321127,5174.768237692758,71.93586197226497,0.11500461518989033
ncam2016,2014,1,M_cap_index,298.65,272.13172071336504,1060.084,0.6775086946403037,703.2191363239715,26.518279286634936,0.008646415308975938
xteNCAM,1988,1,M_cap_index,864.0,908.9233267389327,4285.0,0.0689638146235987,2018.1052852929058,44.9233267389327,0.0025692705859417784
xteNCAM,1988,5,M_cap_index,79.0,1274.4742052877089,4285.0,0.0689638146235987,1429158.575508279,1195.4742052877089,7.733077401759775
xteNCAM,1989,1,M_cap_index,738.0,925.2626448860367,3712.0,0.07814664423643856,35067.29816971388,187.2626448860367,0.05113650139360492
xteNCAM,1989,5,M_cap_index,22.0,1209.6720080984876,3712.0,0.07814664423643856,1410564.798820694,1187.6720080984876,16.056546519383495
xteNCAM,1990,1,M_cap_index,600.0,885.2532734058025,5783.0,0.12008410259020565,81369.4299887255,285.2532734058025,0.15127753897480556
xteNCAM,1990,5,M_cap_index,10.0,1051.6350894471923,5783.0,0.12008410259020565,1085003.6595676602,1041.6350894471923,21.67383264322002
xteNCAM,1991,1,M_cap_index,352.0,848.2971283429418,138.0,0.0,246310.83960145048,496.29712834294185,0.773695783565397
xteNCAM,1991,5,M_cap_index,15.0,1084.273370138271,138.0,0.0,1143345.540086856,1069.273370138271,18.323665938940643
xteNCAM,1992,1,M_cap_index,79.0,487.8369436675869,138.0,0.21910418866106196,167147.64650745364,408.8369436675869,3.3143417357104705
xteNCAM,1992,5,M_cap_index,20.0,958.0823487295661,138.0,0.21910418866106196,879998.4929979793,938.0823487295661,14.970719935980657
xteNCAM,1993,1,M_cap_index,22.0,106.52576479738784,138.0,0.35458878073378874,7144.6049145833285,84.52576479738784,2.488015436695944
xteNCAM,1993,5,M_cap_index,28.0,321.7109737253983,138.0,0.35458878073378874,86266.1360867216,293.7109737253983,5.960673391291463
xteNCAM,1994,1,M_cap_index,10.0,29.84571552225146,138.0,0.36226306816541726,393.85242459013256,19.84571552225146,1.1956464677692131
xteNCAM,1994,5,M_cap_index,35.0,82.85276424161306,138.0,0.36226306816541726,2289.8870455634014,47.85276424161306,0.7425562677797811
xteNCAM,1995,1,M_cap_index,15.0,11.91530245505968,138.0,0.3628331551634118,9.515358943760841,3.0846975449403207,0.05300433637628224
xteNCAM,1995,5,M_cap_index,34.0,14.862841451404254,138.0,0.3628331551634118,366.2308373140912,19.137158548595746,0.6847501080456387
xteNCAM,1996,1,M_cap_index,20.0,17.950619783439073,47.0,0.3628091510319143,4.199959272031311,2.0493802165609267,0.011687259856755585
xteNCAM,1996,5,M_cap_index,31.0,8.389879746779098,47.0,0.3628091510319143,511.21753786511005,22.610120253220902,1.7081471000397077
xteNCAM,1997,1,M_cap_index,28.0,20.572532925279212,47.0,0.3627438631174303,55.16726714606138,7.427467074720788,0.09501663051627497
xteNCAM,1997,5,M_cap_index,25.0,12.584888610545487,47.0,0.3627438631174303,154.13499081256316,12.415111389454513,0.471116196558533
xteNCAM,1998,1,M_cap_index,35.0,26.53170478978038,47.0,0.3626400758266621,71.71202376742853,8.468295210219619,0.07673323065739444
xteNCAM,1998,5,M_cap_index,23.0,37.30869334667814,47.0,0.3626400758266621,204.73870528927128,14.30869334667814,0.23399679213060595
xteNCAM,1999,1,M_cap_index,34.0,44.807245398395814,216.0,0.36246955650180634,116.7965531011475,10.807245398395814,0.07618114989984925
xteNCAM,1999,5,M_cap_index,21.0,151.42009316411227,216.0,0.36246955650180634,17009.400700935726,130.42009316411227,3.9027409472515684
xteNCAM,2000,1,M_cap_index,31.0,39.16409051107483,125.0,0.3627990030832521,66.65237387302211,8.164090511074832,0.054649845490482234
xteNCAM,2000,5,M_cap_index,26.0,114.77192409223359,125.0,0.3627990030832521,7880.454507037282,88.77192409223359,2.2047805687162714
xteNCAM,2001,1,M_cap_index,25.0,37.95430716951983,129.0,0.3632492661070363,167.81407424227285,12.95430716951983,0.17431223569569002
xteNCAM,2001,5,M_cap_index,41.0,118.04004916346386,129.0,0.3632492661070363,5935.169175108929,77.04004916346386,1.1182045205358855
xteNCAM,2002,1,M_cap_index,23.0,31.76909563503557,84.0,0.3636746808803993,76.89703825639987,8.769095635035569,0.1043288487989516
xteNCAM,2002,5,M_cap_index,83.0,81.59613260066602,84.0,0.3636746808803993,1.9708436749127403,1.4038673993339756,0.0002910006632484726
xteNCAM,2003,1,M_cap_index,21.0,30.186272244291075,108.0,0.36386965267990157,84.38759774623259,9.186272244291075,0.1316708789476349
xteNCAM,2003,5,M_cap_index,117.0,80.11709617810675,108.0,0.36386965267990157,1360.3485943350279,36.88290382189325,0.14340207782787762
xteNCAM,2004,1,M_cap_index,26.0,27.22041580024813,125.0,0.36414768692652855,1.4894147254952836,1.22041580024813,0.002104124295218862
xteNCAM,2004,5,M_cap_index,99.0,71.4650524168336,125.0,0.36414768692652855,758.1733384077212,27.5349475831664,0.10621817371570517
xteNCAM,2005,1,M_cap_index,41.0,31.810691260099546,98.0,0.3642080596566852,84.44339511721087,9.189308739900454,0.06439902524940594
xteNCAM,2005,5,M_cap_index,91.0,77.20976987270737,98.0,0.3642080596566852,190.17044696368933,13.79023012729263,0.027005500779463436
xteNCAM,2006,1,M_cap_index,83.0,51.303836605075965,98.0,0.3639247419958456,1004.6467739577223,31.696163394924035,0.2314332237385054
xteNCAM,2006,5,M_cap_index,90.0,131.24950237629588,98.0,0.3639247419958456,1701.5214462920394,41.24950237629588,0.1423480759007776
xteNCAM,2007,1,M_cap_index,117.0,118.34690189422464,300.0,0.3621677392341227,1.814144712665933,1.3469018942246436,0.00013101602854321474
xteNCAM,2007,5,M_cap_index,112.0,433.95853828856707,300.0,0.3621677392341227,103657.3003769107,321.95853828856707,1.834535139336415
xteNCAM,2008,1,M_cap_index,99.0,164.01187138183207,263.0,0.36232564990310173,4226.543420567875,65.01187138183207,0.2548421839347869
xteNCAM,2008,5,M_cap_index,167.0,523.851972844264,263.0,0.36232564990310173,127343.3305228433,356.85197284426397,1.3069413077195582
xteNCAM,2009,1,M_cap_index,91.0,137.8282653398902,262.0,0.3702731123089927,2192.8864347431627,46.82826533989021,0.17234865035865052
xteNCAM,2009,5,M_cap_index,238.0,445.61078246137254,262.0,0.3702731123089927,43102.23699422335,207.61078246137254,0.3933487468898167
xteNCAM,2010,1,M_cap_index,90.0,102.46933593571931,23.0,0.37513529806201984,155.48433867782109,12.469335935719315,0.01683608024523946
xteNCAM,2010,5,M_cap_index,273.0,164.4131241986808,23.0,0.37513529806201984,11791.10959629112,108.5868758013192,0.2571397456525147
xteNCAM,2011,1,M_cap_index,112.0,120.58862597702533,210.0,0.3765429422575475,73.7644961732343,8.58862597702533,0.005459155268623123
xteNCAM,2011,5,M_cap_index,339.0,354.21932533271683,210.0,0.3765429422575475,231.6278635830764,15.219325332716835,0.0019286306014279124
xteNCAM,2012,1,M_cap_index,167.0,148.91965168489688,206.0,0.3774186043643597,326.89899519545236,18.080348315103123,0.01313015819155218
xteNCAM,2012,5,M_cap_index,451.0,408.52617618510044,206.0,0.3774186043643597,1804.025709459129,42.47382381489956,0.00978345485557671
xteNCAM,2013,1,M_cap_index,238.0,257.8139621918666,763.0,0.3753236903338472,392.5930977407194,19.813962191866608,0.006394812951186189
xteNCAM,2013,5,M_cap_index,369.0,843.5307297032821,763.0,0.3753236903338472,225179.41343272934,474.5307297032821,0.6835977248464761
xteNCAM,2014,1,M_cap_index,273.0,373.42164079503476,1060.084,0.37639329967064533,10084.50593996699,100.42164079503476,0.09811703621396804
xteNCAM,2014,5,M_cap_index,400.0,966.7144250698343,1060.084,0.37639329967064533,321165.23958223284,566.7144250698343,0.7786978549250182
xteNCAM,2015,1,M_cap_index,339.0,367.95926388482746,474.504,0.3764648692247414,838.6389647510723,28.959263884827465,0.006719429882968004
xteNCAM,2015,5,M_cap_index,414.0,836.816105102291,474.504,0.3764648692247414,178773.45873387158,422.816105102291,0.4952476868785579
xteNCAM,2016,1,M_cap_index,451.0,442.7484616723041,474.504,0.3823324533822953,68.08788477343487,8.251538327695926,0.0003409760688692558
xteNCAM,2016,5,M_cap_index,423.0,888.4865358151351,474.504,0.3823324533822953,216677.71502517504,465.4865358151351,0.5507826365618037
xteNCAM,2017,1,M_cap_index,369.0,522.9429472394253,134.485,0.3812712609166907,23698.431004760474,153.94294723942528,0.1215747623044197
xteNCAM,2017,5,M_cap_index,462.0,792.9028898073885,134.485,0.3812712609166907,109496.72248288072,330.90288980738853,0.29174675135765643
xteNCAM,2018,1,M_cap_index,400.0,448.5960327925757,289.043,0.43196048653773067,2361.5744031770955,48.59603279257573,0.013146510029913294
xteNCAM,2018,5,M_cap_index,425.0,780.1396461343018,289.043,0.43196048653773067,126124.16825639707,355.13964613430176,0.36891504192160446
xteNCAM,2019,1,M_cap_index,414.0,478.8272717174475,283.737,0.4441132369528472,4202.575158327769,64.8272717174475,0.021162672081046965
xteNCAM,2019,5,M_cap_index,342.0,788.8512377219365,283.737,0.4441132369528472,199676.02865362662,446.8512377219365,0.6985065128233495
xteNCAM,2020,1,M_cap_index,423.0,489.0290595447212,283.737,0.4603028533465338,4359.836704360335,66.02905954472118,0.02103942566265641
xteNCAM,2021,1,M_cap_index,462.0,493.0868195532318,283.737,0.4768570803910455,966.3903499351953,31.086819553231805,0.004240662852910324
xteNCAM,2022,1,M_cap_index,425.0,531.7074602815529,283.737,0.48474628688204635,11386.482079739195,106.70746028155293,0.050177918571747276
xteNCAM,2023,1,M_cap_index,342.0,486.48613805947485,331.3,0.3488446149125952,20876.24409134163,144.48613805947485,0.12418411849812841
